"Time (s)","Acceleration x (m/s^2)","Acceleration y (m/s^2)","Acceleration z (m/s^2)"
1.942964700E-2,-4.496310711E0,5.956773758E0,1.033936024E1
2.958302200E-2,-3.136404276E0,6.039373875E0,8.980650902E0
3.943570900E-2,-2.744952202E0,6.078877926E0,8.298302650E0
4.936805300E-2,-2.919728994E0,5.989095688E0,6.864176273E0
5.958972500E-2,-2.834734917E0,5.902904510E0,5.534197330E0
6.942406100E-2,-2.238578558E0,5.831078053E0,5.693411827E0
7.934672900E-2,-1.630451322E0,5.519832134E0,7.468712330E0
8.933256300E-2,-1.741781712E0,4.963180065E0,1.034774017E1
9.933398000E-2,-2.610877037E0,4.417302132E0,1.371877575E1
1.094286880E-1,-3.029862165E0,3.617638826E0,1.523909378E1
1.194150420E-1,-2.868253708E0,2.266111851E0,1.546893692E1
1.293792190E-1,-2.359485865E0,1.132457376E0,1.401206589E1
1.393483080E-1,-2.406172752E0,1.711854190E-1,1.217092419E1
1.493588520E-1,-8.655039072E-1,4.884171486E-1,1.006043530E1
1.593246240E-1,1.085770488E0,1.546654344E0,6.623558998E0
1.694535100E-1,1.520318031E0,3.009511471E0,4.819528103E0
1.794349530E-1,2.422932148E0,4.717774391E0,4.155137062E0
1.894346750E-1,1.092953086E0,5.361814499E0,7.179013729E0
1.993665360E-1,-2.064998865E0,4.940435410E0,1.279461384E1
2.093384660E-1,-2.640804529E0,1.430535555E0,1.114381218E1
2.193104310E-1,-1.327584863E0,1.550245643E0,1.010113716E1
2.293909140E-1,-5.865794420E-1,2.740163803E0,1.001255131E1
2.393306550E-1,2.753331885E-2,3.772064686E0,8.755595207E0
2.493300260E-1,3.339911401E-1,3.799597979E0,7.575253963E0
2.593837110E-1,6.703764796E-1,3.388992548E0,7.529764175E0
2.693395540E-1,1.361103654E0,3.174711466E0,7.854178905E0
2.792909750E-1,1.922544003E0,3.004723072E0,7.987056732E0
2.893556860E-1,2.118868589E0,2.562992811E0,7.836222172E0
2.993850410E-1,2.144007683E0,2.302024841E0,7.588422298E0
3.093567190E-1,1.999158382E0,2.345120668E0,7.698555470E0
3.193205580E-1,1.792060018E0,2.310404539E0,7.863755703E0
3.293584770E-1,1.628057122E0,1.928529501E0,7.526173115E0
3.393779370E-1,1.088164687E0,1.264138460E0,6.803123951E0
3.494011670E-1,4.165911078E-1,6.165069342E-1,6.271611214E0
3.593462820E-1,-4.608838260E-1,-1.819593310E-1,8.324639320E0
3.693828390E-1,-5.015852451E-1,-7.182604820E-2,7.447164536E0
3.793771180E-1,1.544260085E-1,-4.177882075E-1,8.791508675E0
3.893372570E-1,-1.161187813E-1,-1.039083481E0,8.646659851E0
3.993203270E-1,-4.489128292E-1,-1.309628367E0,8.418013573E0
4.093498620E-1,-6.200982332E-1,-1.478419542E0,8.580819130E0
4.193256290E-1,-9.720458984E-1,-1.775300503E0,8.771158218E0
4.293150130E-1,-1.583764434E0,-2.377442360E0,9.109937668E0
4.393057050E-1,-1.950077295E0,-2.900575399E0,9.337387085E0
4.494160510E-1,-1.660378933E0,-2.509123325E0,9.653421402E0
4.594702240E-1,-9.756371975E-1,-1.454477549E0,1.026035118E1
4.694128100E-1,-3.256114423E-1,-4.058171809E-1,1.095826149E1
4.793946030E-1,1.472434103E-1,4.764461517E-1,1.161187840E1
4.895640000E-1,4.752490520E-1,1.090558887E0,1.228464890E1
4.994156980E-1,6.847416759E-1,1.499967337E0,1.293946266E1
5.093500470E-1,8.702923059E-1,1.932120800E0,1.341590881E1
5.192972220E-1,1.108515382E0,2.445677042E0,1.372835255E1
5.292808090E-1,1.304839969E0,3.023876667E0,1.382052898E1
5.393491030E-1,1.295263171E0,3.558980942E0,1.355118179E1
5.493517500E-1,1.265335560E0,3.970783472E0,1.329380512E1
5.594310730E-1,1.023521185E0,4.163516521E0,1.305318737E1
5.693837350E-1,8.164227605E-1,4.181473255E0,1.318127728E1
5.793475660E-1,7.996633649E-1,4.356249809E0,1.376905441E1
5.893414810E-1,8.690952063E-1,4.565742493E0,1.442506504E1
5.993349390E-1,7.972691655E-1,4.666299343E0,1.443224812E1
6.093361680E-1,7.098808289E-1,4.671087742E0,1.397495556E1
6.193192820E-1,7.517793179E-1,4.641160011E0,1.359068584E1
6.293553390E-1,8.750807047E-1,4.698620796E0,1.311304283E1
6.395028680E-1,8.427590132E-1,4.778826714E0,1.258033276E1
6.495806320E-1,6.955155730E-1,4.738125324E0,1.205959415E1
6.594780140E-1,5.734112859E-1,4.702212334E0,1.169328117E1
6.694207050E-1,4.489128292E-1,4.647145271E0,1.129464626E1
6.793655510E-1,4.429273009E-1,4.587290287E0,1.043752193E1
6.893579740E-1,6.356605291E-1,4.821922302E0,9.277531624E0
6.993311850E-1,7.146692276E-1,5.104437828E0,8.172607422E0
7.093992910E-1,7.996633649E-1,5.279214859E0,7.289146900E0
7.193753440E-1,7.984662652E-1,5.243301868E0,6.807912350E0
7.293473700E-1,4.106055796E-1,4.722562790E0,6.420052052E0
7.393543830E-1,1.771709323E-1,4.489128113E0,6.293159008E0
7.493863900E-1,-2.118868530E-1,4.241328239E0,6.007051945E0
7.593498930E-1,-6.440402865E-1,3.705027103E0,5.313930511E0
7.693766450E-1,-8.726865053E-1,3.311181068E0,4.084507942E0
7.793685210E-1,-4.321534038E-1,3.904942989E0,3.703830004E0
7.901304590E-1,1.017535701E-1,4.197035789E0,3.069366693E0
7.997094280E-1,6.344634295E-2,4.176684856E0,1.981201887E0
8.095459120E-1,-3.711012751E-2,4.042609692E0,1.393425345E0
8.194416540E-1,2.023100406E-1,3.837905407E0,1.358709455E0
8.294165250E-1,3.818751574E-1,3.487154722E0,1.716642618E0
8.393739610E-1,2.501940727E-1,2.973598480E0,1.702277422E0
8.494006790E-1,2.094926536E-1,2.686294317E0,1.398213744E0
8.593595380E-1,3.160346150E-1,2.442085743E0,1.296460271E0
8.693539670E-1,2.549824715E-1,1.963245392E0,1.128866076E0
8.796141820E-1,-1.316810958E-2,1.459265947E0,8.116343617E-1
8.895577890E-1,-5.985504389E-2,1.186326981E0,8.559271097E-1
8.994535930E-1,1.640028208E-1,1.048660398E0,1.662773132E0
9.094949950E-1,5.997475386E-1,6.320692301E-1,3.620033026E0
9.194076960E-1,6.763619781E-1,3.663128614E-1,4.985925198E0
9.294035460E-1,7.960720658E-1,-3.950432688E-2,6.884527206E0
9.393649710E-1,1.237802267E0,-4.525041282E-1,8.925583839E0
9.496451840E-1,1.161187768E0,-1.013944387E0,9.825803757E0
9.594527900E-1,9.624691010E-1,-1.037886381E0,9.928754807E0
9.694070930E-1,5.602431893E-1,-1.289277673E0,1.118810463E1
9.793782450E-1,7.888894677E-1,-1.320402265E0,1.167652130E1
9.893538210E-1,7.864952683E-1,-1.453280449E0,1.211944866E1
9.993466090E-1,8.164227605E-1,-1.642422318E0,1.291552067E1
1.009360003E0,9.265560508E-1,-1.717839718E0,1.364455509E1
1.019343700E0,9.672574997E-1,-1.517923832E0,1.434366226E1
1.029343048E0,9.768342972E-1,-1.268926859E0,1.508945656E1
1.039386722E0,1.022324085E0,-1.012747288E0,1.581968784E1
1.049368059E0,1.094150186E0,-6.655880809E-1,1.701319695E1
1.059325228E0,9.121908545E-1,-5.147533417E-1,1.836232948E1
1.069379812E0,6.212953329E-1,-5.566518903E-1,1.946605682E1
1.079328604E0,4.118026793E-1,-5.099649429E-1,1.976293755E1
1.089335000E0,2.346317619E-1,-8.259996027E-2,1.868794060E1
1.099374198E0,3.627215624E-1,3.184288144E-1,1.731606293E1
1.109427297E0,6.548141837E-1,8.271966577E-1,1.570356941E1
1.119479847E0,9.038111567E-1,1.340752959E0,1.403600788E1
1.129416122E0,1.064222693E0,1.909375906E0,1.258152962E1
1.139374759E0,1.069011092E0,2.426523447E0,1.138802052E1
1.149391078E0,9.026140571E-1,2.765302896E0,1.056920338E1
1.159365737E0,6.907271743E-1,3.132812977E0,1.044829655E1
1.169335567E0,5.734112859E-1,3.587711334E0,1.079306126E1
1.179318982E0,5.434837937E-1,4.009090900E0,1.134013653E1
1.189377689E0,5.817909837E-1,4.339490414E0,1.197340298E1
1.199323543E0,5.243301988E-1,4.630385876E0,1.249892998E1
1.209321470E0,4.967968464E-1,4.885368347E0,1.267490387E1
1.219307433E0,7.422025204E-1,5.183446884E0,1.232415295E1
1.229309415E0,1.182735682E0,5.585672379E0,1.193270111E1
1.239289406E0,1.686715126E0,6.069301128E0,1.158913326E1
1.249289901E0,2.154781580E0,6.509834290E0,1.138562584E1
1.259289649E0,2.297236443E0,6.722918510E0,1.116057110E1
1.269288523E0,2.094926596E0,6.393715858E0,1.084094524E1
1.279343960E0,1.859097600E0,6.090848923E0,1.055244446E1
1.289483678E0,1.620874524E0,5.673060894E0,1.015859795E1
1.299474537E0,1.405396342E0,5.208585739E0,9.655815125E0
1.309410967E0,1.359906554E0,4.995501995E0,9.209297180E0
1.319358182E0,1.406593442E0,4.781220913E0,8.541314125E0
1.329409289E0,1.395819545E0,4.553771496E0,7.560888767E0
1.339351343E0,1.397016644E0,4.453215122E0,6.600813866E0
1.349343370E0,1.399410844E0,4.411316395E0,5.719748020E0
1.359357883E0,1.388636947E0,4.292803764E0,4.875791550E0
1.369352140E0,1.322796464E0,4.132391930E0,4.156333923E0
1.379340268E0,1.149216771E0,3.813963413E0,3.541024208E0
1.389321832E0,9.205705523E-1,3.363853455E0,3.002328873E0
1.399323614E0,7.960720658E-1,3.010708570E0,2.612074137E0
1.409333005E0,8.331822157E-1,2.864662409E0,2.627636433E0
1.419306701E0,1.005564690E0,2.735375404E0,2.764105797E0
1.429358049E0,1.148019671E0,2.680308819E0,4.028244495E0
1.439338223E0,1.006761789E0,2.313995838E0,4.574122429E0
1.449349310E0,8.667010069E-1,1.748964310E0,4.623203278E0
1.459746353E0,6.955155730E-1,1.203086376E0,4.541800499E0
1.469762375E0,6.859387755E-1,9.133879542E-1,4.474762917E0
1.479566386E0,7.266402245E-1,6.871358752E-1,4.466383457E0
1.489471391E0,6.703764796E-1,3.806780577E-1,4.695029736E0
1.499781394E0,6.787561774E-1,1.221042871E-1,5.134365559E0
1.509570895E0,6.691793799E-1,-1.304839998E-1,5.857414246E0
1.519436646E0,6.560112834E-1,-3.687070608E-1,6.646304131E0
1.529364521E0,6.895300746E-1,-6.739677787E-1,7.032967567E0
1.540192959E0,5.793967843E-1,-1.090558887E0,7.231686115E0
1.549726178E0,5.542576909E-1,-1.321599364E0,7.789535046E0
1.559514287E0,7.098808289E-1,-1.440112352E0,8.677783966E0
1.569555842E0,7.864952683E-1,-1.649604917E0,9.846154213E0
1.579417119E0,7.481880188E-1,-1.878251195E0,1.117493629E1
1.589348758E0,6.296750307E-1,-2.021903276E0,1.243069553E1
1.599333577E0,3.842693865E-1,-2.166752577E0,1.351646614E1
1.609317987E0,-2.873042040E-2,-2.027888775E0,1.576701546E1
1.619302192E0,-2.047042400E-1,-1.788468719E0,1.708861542E1
1.629330294E0,-4.213795066E-1,-1.480813742E0,1.821748161E1
1.639310845E0,-3.866635859E-1,-1.079784989E0,1.879089165E1
1.649331621E0,9.576806799E-3,-5.063736439E-1,1.847485733E1
1.659365509E0,5.291185975E-1,2.370259613E-1,1.747168732E1
1.669511453E0,1.098938584E0,1.110909581E0,1.616684723E1
1.679444925E0,1.527500629E0,1.944091797E0,1.499488544E1
1.689607661E0,1.629254222E0,2.530671120E0,1.440950298E1
1.699666029E0,1.468842745E0,2.930502892E0,1.438077259E1
1.709501713E0,1.253364563E0,3.308786631E0,1.451125622E1
1.719456055E0,1.030703783E0,3.611653328E0,1.436401272E1
1.729410226E0,9.768342972E-1,3.885789394E0,1.380855846E1
1.739358811E0,8.846575022E-1,4.255693436E0,1.308072090E1
1.749371604E0,7.948749661E-1,4.575319290E0,1.271560478E1
1.759347000E0,7.721300721E-1,4.863820553E0,1.282693577E1
1.769336198E0,8.295909166E-1,5.145139217E0,1.305558205E1
1.779362297E0,9.911994934E-1,5.493495941E0,1.219366932E1
1.789338347E0,1.270123959E0,5.881356239E0,1.122641182E1
1.799383372E0,1.321599364E0,5.814318657E0,1.032140350E1
1.809371384E0,1.449689150E0,5.714959621E0,9.441534042E0
1.819386390E0,1.438915253E0,5.588066578E0,8.815450668E0
1.829557893E0,1.323993564E0,5.464765549E0,8.413225174E0
1.839423645E0,1.261744261E0,5.328295708E0,8.070854187E0
1.849398521E0,1.260547161E0,5.159504890E0,7.866149902E0
1.859359459E0,1.221042871E0,4.984727859E0,7.605181694E0
1.869342428E0,9.265560508E-1,4.678270340E0,7.230489254E0
1.879350412E0,6.787561774E-1,4.352658749E0,6.854599476E0
1.889341904E0,6.548141837E-1,4.159925461E0,6.466738701E0
1.899558150E0,6.763619781E-1,4.048594952E0,5.671864033E0
1.909826773E0,8.140285611E-1,3.974374771E0,4.418499470E0
1.919606085E0,1.204283476E0,4.053383350E0,3.008314371E0
1.929492741E0,1.717839718E0,4.247313976E0,1.944091797E0
1.939573569E0,2.076969862E0,4.382586002E0,1.403002143E0
1.949473983E0,2.240972757E0,4.401739597E0,1.222239971E0
1.959384190E0,1.707065821E0,3.643975019E0,2.354697466E0
1.969381793E0,1.440112352E0,3.129221678E0,3.215412855E0
1.979347595E0,1.061828494E0,2.566584110E0,3.787626982E0
1.989334496E0,7.230489254E-1,2.015917778E0,4.011485100E0
1.999312446E0,5.554547906E-1,1.643619418E0,4.232948780E0
2.009305421E0,5.865794420E-1,1.398213744E0,4.574122429E0
2.019287409E0,6.093243361E-1,1.158793569E0,5.020640850E0
2.029308903E0,5.985504389E-1,9.325415492E-1,5.451597214E0
2.039317150E0,6.260837317E-1,7.242460251E-1,5.871779442E0
2.049325273E0,5.111620426E-1,4.632780254E-1,6.284779549E0
2.059303835E0,2.849099934E-1,7.302315533E-2,6.596025467E0
2.069306616E0,1.675941199E-1,-3.387795389E-1,6.860584736E0
2.079328006E0,2.082955539E-1,-6.548141837E-1,7.381323814E0
2.089853201E0,4.189853072E-1,-8.391677141E-1,8.151060104E0
2.099562799E0,7.278373241E-1,-8.379706144E-1,9.026140213E0
2.109449098E0,9.672574997E-1,-7.326257229E-1,1.001853657E1
2.119367247E0,1.005564690E0,-7.362170219E-1,1.088882923E1
2.129341822E0,9.133879542E-1,-8.714894056E-1,1.156159973E1
2.139307609E0,6.236895323E-1,-1.046266198E0,1.311783123E1
2.149292003E0,5.877765417E-1,-9.792284966E-1,1.389355278E1
2.159295700E0,7.158663273E-1,-7.110779285E-1,1.457709694E1
2.169320048E0,9.109937549E-1,-3.124433160E-1,1.534803009E1
2.179295222E0,1.011550188E0,5.746084079E-2,1.587954235E1
2.189487309E0,9.050082564E-1,2.992752194E-1,1.598847866E1
2.199370353E0,7.098808289E-1,4.716577232E-1,1.598488808E1
2.209358375E0,6.715735793E-1,6.835445762E-1,1.580891418E1
2.219303386E0,7.206547260E-1,9.756371975E-1,1.554555130E1
2.229304391E0,8.643068075E-1,1.379060149E0,1.519958973E1
2.239336894E0,9.457096457E-1,1.788468719E0,1.470877838E1
2.249342145E0,1.029506683E0,2.171540976E0,1.430176353E1
2.259364771E0,1.148019671E0,2.511517525E0,1.403241634E1
2.269348584E0,1.267729759E0,2.850297213E0,1.356435013E1
2.279320990E0,1.191115379E0,3.258508444E0,1.311423969E1
2.289387193E0,1.124077678E0,3.624821424E0,1.272039318E1
2.299390295E0,1.095347285E0,3.873818398E0,1.236006641E1
2.309379346E0,1.028309584E0,4.195838451E0,1.185369301E1
2.319332371E0,1.120486379E0,4.644751072E0,1.192671585E1
2.329339884E0,1.097741485E0,4.879383087E0,1.203086376E1
2.339328140E0,1.139639974E0,5.169081688E0,1.206557941E1
2.349398268E0,1.290474772E0,5.364208698E0,1.202966690E1
2.359372832E0,1.476025343E0,5.483919144E0,1.170764637E1
2.369344114E0,1.454477549E0,5.474342346E0,1.109951878E1
2.379378255E0,1.327584863E0,5.327098846E0,1.033576870E1
2.389377326E0,1.142034173E0,5.056553841E0,9.769539833E0
2.399400361E0,9.433154464E-1,4.803965569E0,9.337387085E0
2.409414379E0,8.858546019E-1,4.685452938E0,8.740033150E0
2.419361888E0,1.005564690E0,4.726154327E0,8.232462883E0
2.429409142E0,1.118092179E0,4.800374508E0,7.726089001E0
2.439363769E0,1.187524080E0,4.643554211E0,7.037755966E0
2.449362583E0,1.180341482E0,4.570530891E0,6.829460144E0
2.459379990E0,1.066616893E0,4.447229862E0,6.757634163E0
2.469394693E0,8.798691034E-1,4.173093796E0,6.590040207E0
2.479349045E0,7.613561153E-1,3.973177671E0,6.110002518E0
2.489330721E0,1.015141487E0,3.839102507E0,4.668693542E0
2.499330059E0,1.278503656E0,3.825934410E0,3.921702385E0
2.509356728E0,1.495178938E0,3.758896589E0,3.090914488E0
2.519335562E0,1.520318031E0,3.570951939E0,2.457648039E0
2.529327979E0,1.492784739E0,3.356670856E0,2.339135170E0
2.539341688E0,1.446097851E0,3.075352192E0,2.729389906E0
2.549393042E0,1.363497853E0,2.750937700E0,3.345896959E0
2.559349719E0,1.200692177E0,2.414552450E0,3.991134167E0
2.569359558E0,1.033097982E0,2.073378563E0,4.541800499E0
2.579336977E0,7.685387731E-1,1.703474522E0,4.823119164E0
2.589388687E0,5.386953950E-1,1.341950059E0,4.955997467E0
2.599360042E0,4.165911078E-1,9.828197956E-1,5.051765442E0
2.609342219E0,4.261679053E-1,6.596025825E-1,5.086481571E0
2.619405308E0,5.602431893E-1,4.704606235E-1,5.339069843E0
2.629409852E0,9.193734527E-1,4.656722248E-1,5.748478413E0
2.639357124E0,1.286883354E0,5.171475410E-1,6.181828976E0
2.649393760E0,1.468842745E0,4.860229492E-1,6.989871979E0
2.659353078E0,1.507149935E0,3.675099611E-1,8.039729118E0
2.669345237E0,9.097966552E-1,7.422025502E-2,9.196128845E0
2.679349817E0,5.602431893E-1,-8.140286058E-2,9.844957352E0
2.689370107E0,4.393360019E-1,-3.100491166E-1,1.052969933E1
2.699361252E0,3.519476354E-1,-5.303156972E-1,1.116775417E1
2.709635324E0,3.172317147E-1,-5.889736414E-1,1.218648624E1
2.719466360E0,3.699041605E-1,-5.171475410E-1,1.344942760E1
2.729414878E0,3.244143426E-1,-3.854664862E-1,1.462498093E1
2.739423137E0,2.537853718E-1,-2.597708702E-1,1.575384712E1
2.749411767E0,2.968810201E-1,-7.182604820E-2,1.669117737E1
2.759394082E0,2.466027737E-1,7.781155407E-2,1.703713989E1
2.769437739E0,9.576806426E-2,3.004723191E-1,1.673307610E1
2.779369068E0,9.576806426E-2,6.272808313E-1,1.620635223E1
2.789465732E0,1.352723986E-1,1.061828494E0,1.556111431E1
2.799424564E0,4.357447028E-1,1.505952835E0,1.481292629E1
2.809395480E0,7.122750282E-1,1.951274395E0,1.416289997E1
2.819361438E0,8.906430602E-1,2.464830637E0,1.351766300E1
2.829352417E0,9.828197956E-1,2.966415882E0,1.293108368E1
2.839338407E0,1.430535555E0,3.885789394E0,1.229781723E1
2.849351902E0,1.490390539E0,4.174290657E0,1.191713905E1
2.859334149E0,1.309628367E0,4.288015366E0,1.164898872E1
2.869348273E0,1.015141487E0,4.337096214E0,1.167652130E1
2.879316835E0,7.864952683E-1,4.351461411E0,1.173517990E1
2.889415116E0,7.433996201E-1,4.517858505E0,1.169806957E1
2.899362756E0,8.343793154E-1,4.874594688E0,1.153765774E1
2.909352076E0,1.021126986E0,5.237316132E0,1.131978607E1
2.919366736E0,1.304839969E0,5.524620533E0,1.107437992E1
2.929330566E0,1.541865945E0,5.679046631E0,1.058955383E1
2.939316481E0,1.675941229E0,5.772420406E0,9.949105263E0
2.949339439E0,1.710657120E0,5.784391403E0,9.574412346E0
2.959765418E0,1.673547029E0,5.729324818E0,9.380482674E0
2.969561907E0,1.533486247E0,5.574898720E0,9.159018517E0
2.979433652E0,1.306037068E0,5.347449303E0,8.949525833E0
2.989397524E0,1.072602391E0,5.024232388E0,8.851364136E0
2.999354960E0,7.757213712E-1,4.680664539E0,8.610746384E0
3.009364178E0,5.135562420E-1,4.352658749E0,8.418013573E0
3.019329787E0,2.896983922E-1,3.922899485E0,7.791929245E0
3.029357092E0,4.237737060E-1,3.886986494E0,7.120356083E0
3.039382744E0,8.032546639E-1,3.936067581E0,6.285976410E0
3.049389070E0,1.201889277E0,4.036623955E0,5.327098846E0
3.059354733E0,1.531091928E0,4.028244495E0,4.639962673E0
3.069355565E0,1.709460020E0,3.939658880E0,4.180276394E0
3.079324981E0,1.641225219E0,3.667917013E0,3.894169092E0
3.089395689E0,1.545457244E0,3.329137564E0,3.822343111E0
3.099365543E0,1.398213744E0,3.004723072E0,3.793612480E0
3.109380470E0,1.242590666E0,2.703053713E0,3.799597979E0
3.119338433E0,1.083376288E0,2.349909067E0,4.062960148E0
3.129321915E0,8.966285586E-1,1.944091797E0,4.511873245E0
3.139388656E0,6.751648784E-1,1.497573137E0,5.117606163E0
3.149380526E0,6.165069342E-1,1.082179189E0,5.845443249E0
3.159330961E0,6.835445762E-1,7.314286232E-1,6.345831394E0
3.169320679E0,7.254431248E-1,4.824316502E-1,6.777985096E0
3.179317038E0,7.601590157E-1,3.902548850E-1,7.061697960E0
3.189320217E0,8.104372621E-1,2.358288616E-1,7.625532627E0
3.199316307E0,8.810662031E-1,1.113303825E-1,8.008605003E0
3.209319852E0,8.367735147E-1,-6.224924326E-2,8.495824814E0
3.219314624E0,7.134721279E-1,-2.932897210E-1,8.795100212E0
3.229341010E0,6.093243361E-1,-5.638344884E-1,8.962694168E0
3.239316203E0,5.255272985E-1,-8.271966577E-1,9.131484985E0
3.249324800E0,4.944026470E-1,-9.349357486E-1,9.441534042E0
3.259342598E0,6.236895323E-1,-7.769184709E-1,9.701305389E0
3.269352497E0,8.702923059E-1,-4.357447028E-1,1.007001209E1
3.279353447E0,1.194706678E0,-7.422025502E-2,1.065659142E1
3.289356922E0,1.436521053E0,1.795651317E-1,1.132217979E1
3.299326659E0,1.437718153E0,2.477998734E-1,1.195544624E1
3.309342528E0,1.241393566E0,2.142810524E-1,1.245942593E1
3.319311962E0,1.073799491E0,1.604115069E-1,1.298854446E1
3.329385679E0,9.145850539E-1,1.963245422E-1,1.339436150E1
3.339379538E0,6.775590777E-1,3.088520169E-1,1.380377007E1
3.349354967E0,3.986345828E-1,4.955997467E-1,1.417367363E1
3.359329682E0,2.501940727E-1,7.350199223E-1,1.438077259E1
3.369357039E0,6.715735793E-1,1.567005038E0,1.426824474E1
3.379341218E0,7.817068696E-1,2.048239470E0,1.411262226E1
3.389381807E0,9.385270476E-1,2.709039211E0,1.401445961E1
3.399353102E0,1.049857497E0,3.342305660E0,1.407790565E1
3.409330749E0,1.031900883E0,3.837905407E0,1.415571785E1
3.419319573E0,8.834604025E-1,4.170699596E0,1.399530602E1
3.429322485E0,6.021417379E-1,4.311957359E0,1.375468922E1
3.439437941E0,3.699041605E-1,4.395754337E0,1.352843666E1
3.449510669E0,2.861070931E-1,4.475960255E0,1.319683933E1
3.459424533E0,1.568202078E-1,4.686649799E0,1.297178459E1
3.469394965E0,1.532289088E-1,4.923676014E0,1.292150688E1
3.479382181E0,4.022258818E-1,5.146336555E0,1.299572659E1
3.489366789E0,7.015010715E-1,5.374982834E0,1.287960815E1
3.499369593E0,8.583213091E-1,5.480327606E0,1.235767174E1
3.509333495E0,8.690952063E-1,5.437232018E0,1.150653362E1
3.519319946E0,7.481880188E-1,5.312733650E0,1.076672459E1
3.529560671E0,7.038952708E-1,5.147533417E0,9.963470459E0
3.539458534E0,7.685387731E-1,5.015852451E0,8.823830605E0
3.549448465E0,9.768342972E-1,4.990713596E0,8.390480042E0
3.559421931E0,1.096544385E0,4.945223808E0,7.929595947E0
3.569357164E0,1.162384868E0,4.865017891E0,7.408857346E0
3.579386780E0,1.234210968E0,4.772840977E0,6.949170589E0
3.589727088E0,1.230619669E0,4.653131008E0,6.528987885E0
3.599537242E0,1.133654475E0,4.577713490E0,6.175843239E0
3.609444819E0,1.011550188E0,4.516661644E0,5.731719017E0
3.619372608E0,9.361328483E-1,4.402936935E0,5.210979939E0
3.629400502E0,1.034295082E0,4.295197964E0,4.723760128E0
3.639336949E0,1.161187768E0,4.121618271E0,4.045003891E0
3.649371673E0,1.363497853E0,3.957615376E0,3.229778051E0
3.659349535E0,1.598129630E0,3.891774893E0,2.639607430E0
3.669353466E0,1.759738207E0,3.846285105E0,2.276885748E0
3.679323431E0,1.735796213E0,3.681085110E0,2.136825085E0
3.689319414E0,1.559822440E0,3.293224335E0,2.308010340E0
3.699327905E0,1.265335560E0,2.771288395E0,2.819172382E0
3.709634151E0,9.528923035E-1,2.242169857E0,3.600879431E0
3.719455274E0,5.805938840E-1,1.142034173E0,4.728548527E0
3.729388335E0,5.099649429E-1,7.529764175E-1,5.024232388E0
3.739371866E0,5.949591398E-1,4.608838260E-1,5.161899090E0
3.749385631E0,6.009446383E-1,1.903390288E-1,5.081693172E0
3.759363514E0,7.685387731E-1,-5.746084079E-2,4.988319397E0
3.769349455E0,1.235408068E0,-2.549824715E-1,5.227739334E0
3.779326926E0,1.692700624E0,-3.112462163E-1,6.129156113E0
3.789383661E0,1.982398987E0,-2.561795712E-1,7.254431248E0
3.799359029E0,2.008735180E0,-2.442085743E-1,8.273163795E0
3.809354213E0,1.906981707E0,-4.489128292E-1,9.034520149E0
3.819329305E0,1.589749932E0,-9.109937549E-1,9.629479408E0
3.829302351E0,1.241393566E0,-1.468842745E0,1.005684471E1
3.839328374E0,1.128866076E0,-1.874659896E0,1.020648193E1
3.849330385E0,1.159990668E0,-2.067393064E0,1.058476543E1
3.859314391E0,1.417367458E0,-1.905784607E0,1.133654499E1
3.869310894E0,1.748964310E0,-1.622071624E0,1.234570122E1
3.879406645E0,1.942894697E0,-1.405396342E0,1.311064816E1
3.889373521E0,1.946485996E0,-1.323993564E0,1.390911484E1
3.899325959E0,1.544260144E0,-1.497573137E0,1.606509399E1
3.909350678E0,1.042674899E0,-1.502361536E0,1.693179512E1
3.919314037E0,5.674257874E-1,-1.356315255E0,1.734000587E1
3.929321717E0,2.370259613E-1,-1.139639974E0,1.729331970E1
3.939322057E0,9.816227108E-2,-8.319851160E-1,1.674863815E1
3.949334227E0,1.640028208E-1,-4.261679053E-1,1.595735455E1
3.959333312E0,2.334346622E-1,-9.576806799E-3,1.523789692E1
3.969345354E0,3.639186621E-1,5.207388401E-1,1.458787060E1
3.979348875E0,5.219359994E-1,1.063025594E0,1.426704788E1
3.989381136E0,5.494692922E-1,1.480813742E0,1.429098988E1
3.999313266E0,3.327940404E-1,1.940500498E0,1.446816063E1
4.009361331E0,1.795651205E-2,2.376245260E0,1.457111168E1
4.019394364E0,-1.233013868E-1,2.815581083E0,1.442386818E1
4.029371380E0,-1.089361757E-1,3.301604033E0,1.395699883E1
4.039400888E0,6.703764945E-2,3.798400879E0,1.325789165E1
4.049385642E0,3.711012602E-1,4.262876034E0,1.251329517E1
4.059390519E0,7.876923680E-1,4.747702122E0,1.176630402E1
4.069350458E0,1.329979062E0,5.518634796E0,1.091157436E1
4.079334927E0,1.602918029E0,5.829881191E0,1.090080070E1
4.089354162E0,1.686715126E0,5.955576897E0,1.107797146E1
4.099350279E0,1.514332533E0,5.859808445E0,1.133415127E1
4.109354838E0,1.250970364E0,5.714959621E0,1.136407852E1
4.119328117E0,1.104924083E0,5.504269600E0,1.111029339E1
4.129360757E0,1.070208192E0,5.242104530E0,1.077989292E1
4.139359077E0,1.078587890E0,5.014655590E0,9.963470459E0
4.149399737E0,1.148019671E0,4.891354084E0,8.890868187E0
4.159375567E0,1.274912357E0,4.868608952E0,8.018181801E0
4.169365982E0,1.368286252E0,4.893748283E0,7.472303391E0
4.179765689E0,1.466448545E0,4.890156746E0,7.066486359E0
4.189547043E0,1.473631144E0,4.774038315E0,6.669048786E0
4.199468720E0,1.412579060E0,4.735731125E0,6.332663536E0
4.209425558E0,1.375468850E0,4.777629375E0,6.011840343E0
4.219607477E0,1.413776159E0,4.829104900E0,5.431246758E0
4.229478437E0,1.476025343E0,4.768052578E0,4.905719280E0
4.239702917E0,1.517923832E0,4.446032524E0,4.689043999E0
4.249519657E0,1.568202138E0,3.524264812E0,4.126406670E0
4.259419027E0,1.470039845E0,3.303998232E0,4.446032524E0
4.269368212E0,1.426944256E0,3.205836058E0,4.918887615E0
4.279392304E0,1.428141356E0,3.002328873E0,5.257667065E0
4.289379850E0,1.322796464E0,2.699462414E0,5.494692802E0
4.299377123E0,1.188721180E0,2.371456861E0,5.471948147E0
4.309350760E0,1.175553083E0,1.923741102E0,5.598840714E0
4.319324578E0,1.170764685E0,1.537077546E0,5.409698963E0
4.329316987E0,1.243787766E0,1.185129881E0,4.927267075E0
4.339303192E0,1.201889277E0,8.822633028E-1,4.991910458E0
4.349372294E0,1.283292055E0,6.081272364E-1,4.965574265E0
4.359433345E0,1.347935557E0,4.094084799E-1,5.151124954E0
4.369363371E0,1.313219666E0,2.023100406E-1,5.726930618E0
4.379373884E0,9.852139950E-1,-3.471592441E-2,6.700173378E0
4.389340140E0,6.823474765E-1,-3.818751574E-1,7.496245384E0
4.399348268E0,5.051765442E-1,-8.702923059E-1,8.166622162E0
4.409341332E0,2.334346622E-1,-1.345541358E0,8.895656586E0
4.419332364E0,3.555389643E-1,-1.441309452E0,9.285911560E0
4.429412880E0,6.476315856E-1,-1.233013868E0,9.373299599E0
4.439353638E0,1.031900883E0,-9.289502501E-1,9.562441826E0
4.449336017E0,1.314416766E0,-6.320692301E-1,9.868899345E0
4.459303707E0,1.368286252E0,-4.632780254E-1,1.028908157E1
4.469315052E0,1.333570361E0,-3.615244627E-1,1.089361763E1
4.479293724E0,1.205480576E0,-3.004723191E-1,1.151850414E1
4.489299060E0,1.057040095E0,-2.166752517E-1,1.209430981E1
4.499297228E0,1.076193690E0,-1.065419763E-1,1.264138508E1
4.509288812E0,1.238999367E0,1.328781992E-1,1.312860489E1
4.519281604E0,1.519120932E0,5.793967843E-1,1.359188271E1
4.529370000E0,1.784877419E0,1.060631394E0,1.398572922E1
4.539435198E0,1.917755604E0,1.440112352E0,1.452801609E1
4.549406797E0,1.695094824E0,1.584961534E0,1.528578091E1
4.559367097E0,1.369483352E0,1.626860023E0,1.584003830E1
4.569337747E0,1.097741485E0,1.696291924E0,1.561737728E1
4.579315072E0,8.810662031E-1,1.783680320E0,1.496016979E1
4.589296734E0,7.278373241E-1,1.970427990E0,1.432570553E1
4.599344565E0,7.661445141E-1,2.436100245E0,1.333809757E1
4.609325481E0,7.948749661E-1,2.838326216E0,1.317888355E1
4.619297439E0,9.277531505E-1,3.336320162E0,1.295263100E1
4.629577918E0,1.107318282E0,3.788824081E0,1.277546024E1
4.639457657E0,1.307234168E0,4.145560265E0,1.214458847E1
4.649447027E0,1.155202270E0,4.246116638E0,1.161546993E1
4.659377212E0,9.193734527E-1,4.319139957E0,1.156519127E1
4.669353304E0,7.134721279E-1,4.368220806E0,1.158554173E1
4.679321350E0,5.123591423E-1,4.440047264E0,1.138682365E1
4.689333873E0,4.596867263E-1,4.605247021E0,1.107916832E1
4.699314635E0,5.985504389E-1,4.860229492E0,1.082777691E1
4.709430516E0,8.607155085E-1,5.124788761E0,1.048540592E1
4.719415956E0,1.012747288E0,5.303156853E0,1.010113716E1
4.729360676E0,9.911994934E-1,5.446808815E0,9.955090523E0
4.739341036E0,9.361328483E-1,5.475539207E0,9.721655846E0
4.749339216E0,9.481038451E-1,5.377377033E0,9.024943352E0
4.759323806E0,9.648633003E-1,5.234921932E0,8.257601738E0
4.769531601E0,8.559271097E-1,5.001487255E0,7.572859764E0
4.779417999E0,8.379706144E-1,4.882974148E0,7.094019413E0
4.789371698E0,9.732429981E-1,4.891354084E0,6.764816761E0
4.799336547E0,1.143231273E0,4.938041210E0,6.551733017E0
4.809361472E0,1.127668977E0,4.951209068E0,6.265625954E0
4.819332434E0,1.085770488E0,4.873397350E0,5.633556366E0
4.829319415E0,1.169567585E0,4.697423935E0,4.663905144E0
4.839326406E0,1.334767461E0,4.570530891E0,3.708618402E0
4.849310901E0,1.504755735E0,4.487931252E0,3.056198359E0
4.859311149E0,1.714248419E0,4.435258865E0,2.764105797E0
4.869319773E0,1.905784607E0,4.294000626E0,2.839523315E0
4.879312585E0,2.043451071E0,3.991134167E0,3.232172251E0
4.889318491E0,2.051830769E0,3.519476414E0,3.926490784E0
4.899314944E0,1.808819413E0,2.882618904E0,4.602852821E0
4.909376670E0,1.447294950E0,2.209848166E0,5.067327976E0
4.919330033E0,1.001973391E0,1.708262920E0,5.322310448E0
4.929349215E0,7.625532150E-1,1.448492050E0,5.475539207E0
4.939324806E0,7.278373241E-1,1.291671872E0,5.448006153E0
4.949336101E0,1.294066072E0,1.259350061E0,5.863399982E0
4.959355749E0,1.654393315E0,1.386242747E0,6.691793919E0
4.969373573E0,1.874659896E0,1.274912357E0,7.298723698E0
4.979324985E0,1.863885999E0,8.750807047E-1,7.684190273E0
4.989378191E0,1.493981838E0,4.369418025E-1,8.106766701E0
4.999370794E0,1.025915384E0,4.070143029E-2,8.203732491E0
5.009390095E0,6.069301367E-1,-3.950432837E-1,8.367734909E0
5.019349246E0,3.327940404E-1,-7.541735172E-1,8.738836288E0
5.029331821E0,3.196259141E-1,-9.768342972E-1,9.327810287E0
5.039328609E0,5.231330991E-1,-1.085770488E0,1.014782429E1
5.049382503E0,8.774749041E-1,-9.409212470E-1,1.069609642E1
5.059365450E0,1.198297977E0,-5.578489900E-1,1.091037750E1
5.069381923E0,1.509544134E0,-1.807622313E-1,1.120845509E1
5.079350660E0,1.714248419E0,1.197100850E-3,1.171243477E1
5.089365028E0,1.636436820E0,4.548983276E-2,1.213860226E1
5.099316712E0,1.319205165E0,-8.499415964E-2,1.267849541E1
5.109349054E0,8.236053586E-1,-2.920926213E-1,1.328901672E1
5.119362225E0,2.801215947E-1,-3.794809580E-1,1.379898167E1
5.129374811E0,4.453215301E-1,9.097966552E-2,1.405396366E1
5.140913604E0,7.098808289E-1,4.979939461E-1,1.397016716E1
5.150149000E0,7.015010715E-1,8.475474119E-1,1.397256088E1
5.159729198E0,5.267243981E-1,1.057040095E0,1.423592377E1
5.169547797E0,2.214636505E-1,1.225831270E0,1.411262226E1
5.179423097E0,-4.788403213E-2,1.363497853E0,1.390552330E1
5.189394747E0,-1.412578970E-1,1.613691926E0,1.370680428E1
5.200027072E0,-5.746084079E-2,2.047042370E0,1.335365963E1
5.209724734E0,1.316810995E-1,2.420537949E0,1.313339329E1
5.219519065E0,2.466027737E-1,2.817975283E0,1.311663437E1
5.229464731E0,1.759738177E-1,3.252522945E0,1.313818169E1
5.239399064E0,6.703764945E-2,3.521870613E0,1.307593250E1
5.249372230E0,8.619125932E-2,3.858256102E0,1.271321106E1
5.259384813E0,2.262520641E-1,4.282029629E0,1.223915863E1
5.269354605E0,7.888894677E-1,4.910507679E0,1.178066921E1
5.279317501E0,1.449689150E0,5.544970989E0,1.106480312E1
5.289309449E0,1.865083098E0,6.002263546E0,1.067454815E1
5.299288423E0,1.717839718E0,6.076483727E0,1.065060616E1
5.309315410E0,1.601720929E0,5.839457989E0,1.055483818E1
5.319291403E0,1.569399238E0,5.671864033E0,1.013106441E1
5.329376400E0,1.556231141E0,5.612008572E0,9.606734276E0
5.339339898E0,1.647210717E0,5.498284340E0,9.816226959E0
5.349347647E0,1.689109325E0,5.304353714E0,1.006163311E1
5.359329522E0,1.555034041E0,5.210979939E0,9.470264435E0
5.369508959E0,1.325190663E0,5.392939091E0,8.536525726E0
5.379385678E0,1.030703783E0,5.374982834E0,7.643488884E0
5.389946537E0,8.738836050E-1,5.185841084E0,6.740874767E0
5.399614967E0,7.086837292E-1,4.837484360E0,6.361393929E0
5.409471682E0,8.702923059E-1,4.611232281E0,6.403292656E0
5.419403039E0,1.161187768E0,4.479551315E0,6.319495201E0
5.429381718E0,1.508347034E0,4.498704910E0,6.095637321E0
5.439335057E0,1.654393315E0,4.739322186E0,5.297171116E0
5.449328227E0,1.711854219E0,5.286397457E0,4.049792290E0
5.459377312E0,1.635239720E0,5.506663799E0,3.059789658E0
5.469367354E0,1.282094955E0,5.266046524E0,2.844311714E0
5.479329375E0,-1.400607973E-1,3.336320162E0,5.130774021E0
5.489929386E0,-6.811503768E-1,2.780865192E0,6.489483833E0
5.499664391E0,-7.673416734E-1,2.905363798E0,6.062118530E0
5.509494394E0,-1.843535304E-1,3.417722940E0,4.809951305E0
5.519429895E0,7.326257229E-1,3.877409697E0,4.557363033E0
5.529473646E0,1.328781962E0,3.835511208E0,5.280411720E0
5.539404521E0,1.501164436E0,3.547009706E0,6.309918404E0
5.549376459E0,1.327584863E0,2.879027605E0,7.532158375E0
5.559407928E0,7.601590157E-1,2.475604534E0,7.872135162E0
5.569375662E0,2.693476975E-1,2.467224836E0,7.196970463E0
5.579397029E0,2.310404629E-1,2.685097218E0,6.465541840E0
5.589442713E0,3.315969408E-1,2.914940596E0,6.066906929E0
5.599399055E0,4.058171809E-1,2.920926094E0,7.055712223E0
5.610712226E0,-4.560954273E-1,2.505532026E0,1.062666416E1
5.620014811E0,-4.560954273E-1,2.505532026E0,1.062666416E1
5.629808104E0,-7.003039718E-1,2.251746655E0,1.186686039E1
5.639575750E0,-7.242460251E-1,2.499546528E0,1.210268974E1
5.649478573E0,-8.044517636E-1,2.686294317E0,1.063863564E1
5.659410985E0,-8.643068075E-1,3.367444754E0,9.332598686E0
5.669372691E0,-8.116343617E-1,3.945644379E0,8.291120529E0
5.679849544E0,-1.009155989E0,4.378994942E0,3.114856482E0
5.689602470E0,-9.265560508E-1,4.923676014E0,1.149216771E0
5.699477933E0,-1.704671621E0,4.027047157E0,7.597999096E0
5.709762665E0,-2.382230759E0,3.230975151E0,1.070327854E1
5.719527031E0,-2.671929121E0,3.417722940E0,1.110789871E1
5.729573714E0,-2.645592928E0,3.538630009E0,1.126232433E1
5.739469055E0,-2.703053713E0,3.816357613E0,1.143470764E1
5.749399226E0,-2.931699991E0,4.011485100E0,1.135689545E1
5.759355311E0,-3.010708570E0,4.003105164E0,1.106480312E1
5.769387354E0,-2.797624588E0,4.103661537E0,1.063743782E1
5.779326875E0,-2.659958124E0,4.417302132E0,9.708487511E0
5.789298136E0,-2.784456491E0,4.940435410E0,7.471106529E0
5.799358266E0,-2.925714493E0,4.570530891E0,6.154295444E0
5.809360831E0,-4.261679173E0,3.633201122E0,7.157465935E0
5.819409614E0,-3.836708307E0,2.452859640E0,1.205959415E1
