"Time (s)","Linear Acceleration x (m/s^2)","Linear Acceleration y (m/s^2)","Linear Acceleration z (m/s^2)"
3.708747500E-2,1.294136047E-2,1.180517673E-2,-6.883144379E-2
4.952447500E-2,1.174414158E-2,1.779067516E-2,-9.636497498E-2
6.132997500E-2,2.371525764E-2,9.410977364E-3,-1.370668411E-1
7.169972500E-2,2.610945702E-2,1.419937611E-2,-1.310806274E-1
8.199810000E-2,1.892685890E-2,2.228379250E-3,-9.037971497E-2
1.019126310E-1,5.941867828E-3,-2.606809139E-3,-5.590343475E-2
1.218385140E-1,2.763509750E-2,1.103389263E-2,-1.570091248E-1
1.318484940E-1,2.461850643E-2,9.997069836E-3,-1.457996368E-1
1.517219790E-1,1.359176636E-2,4.669427872E-3,-7.293128967E-2
1.717258510E-1,2.578127384E-2,9.052038193E-3,-1.473188400E-1
1.818301630E-1,2.362596989E-2,1.038354635E-2,-1.387844086E-1
2.017153970E-1,1.741445065E-2,9.281635284E-3,-5.302524567E-2
2.118179360E-1,9.541749954E-3,4.476964474E-3,-5.497741699E-2
2.317148400E-1,2.700102329E-2,1.284796000E-2,-1.615543365E-1
2.518643160E-1,2.245354652E-2,1.005548239E-2,-1.310586929E-1
2.717099350E-1,1.348567009E-2,6.829559803E-3,-8.703231812E-2
2.916415900E-1,1.846385002E-2,8.675456047E-3,-1.113834381E-1
3.116302530E-1,2.510094643E-2,2.859950066E-3,-1.255245209E-1
3.216343640E-1,3.295314312E-2,8.607149124E-3,-1.146593094E-1
3.416409470E-1,4.265058041E-2,1.333892345E-3,-9.529495239E-2
3.516982110E-1,4.185426235E-2,-2.303600311E-3,-8.086681366E-2
3.617803430E-1,4.694962502E-2,-1.339912415E-3,-1.023817062E-1
3.719674090E-1,6.878602505E-2,3.082931042E-3,-1.466550827E-1
3.916982080E-1,7.557988167E-2,1.618510485E-2,-1.707592010E-1
4.017638410E-1,7.396590710E-2,7.178068161E-3,-9.067249298E-2
4.216833160E-1,6.789040565E-2,-4.151105881E-3,-3.346633911E-2
4.416014350E-1,9.595859051E-2,1.914262772E-2,-2.169799805E-1
4.516419550E-1,1.114703417E-1,2.439868450E-2,-2.052717209E-1
4.617327150E-1,8.795630932E-2,1.155346632E-2,-1.240625381E-1
4.817752850E-1,8.031082153E-2,1.452618837E-2,-8.554458618E-3
5.016869270E-1,9.771454334E-2,3.208762407E-2,-1.576013565E-1
5.217083380E-1,9.214699268E-2,2.981704473E-2,-1.807537079E-1
5.317234060E-1,7.396018505E-2,3.352785110E-2,-4.579734802E-2
5.518427070E-1,8.864438534E-2,4.474115372E-2,-9.057998657E-2
5.716685330E-1,9.935903549E-2,6.194347143E-2,-1.737298965E-1
5.818760040E-1,8.997666836E-2,6.584447622E-2,-1.703701019E-1
6.016868570E-1,7.382845879E-2,5.709624290E-2,-7.141971588E-2
6.219288200E-1,7.057607174E-2,6.363981962E-2,-5.274105072E-2
6.419653110E-1,6.850969791E-2,7.626950741E-2,-1.405973434E-1
6.617621840E-1,6.869482994E-2,8.430314064E-2,-1.769857407E-1
6.718823290E-1,5.835711956E-2,8.933073282E-2,-1.173267365E-1
6.918396880E-1,4.030859470E-2,8.281451464E-2,-4.703617096E-2
7.117232780E-1,4.260098934E-2,9.757286310E-2,-1.192235947E-1
7.217253760E-1,3.492665291E-2,1.060545444E-1,-1.684656143E-1
7.317314250E-1,2.129554749E-2,1.038408279E-1,-1.482667923E-1
7.418824500E-1,1.610326767E-2,1.099365950E-1,-1.352453232E-1
7.520104620E-1,8.755922318E-3,9.708201885E-2,-1.101989746E-1
7.717582210E-1,-3.759145737E-3,9.755569696E-2,-1.235980988E-1
7.917476610E-1,-8.470654488E-3,1.077183485E-1,-1.238098145E-1
8.116975210E-1,-1.293063164E-2,9.344667196E-2,-1.346998215E-1
8.217069980E-1,-2.926301956E-2,9.837883711E-2,-1.263284683E-1
8.418893550E-1,-4.983103275E-2,1.043367982E-1,-5.093097687E-2
8.519279150E-1,-5.276823044E-2,9.372597933E-2,-5.090141296E-2
8.717003350E-1,-4.993772507E-2,8.895605803E-2,-7.114315033E-2
8.817429050E-1,-5.007684231E-2,9.400939941E-2,-1.667003632E-1
9.016780820E-1,-4.650473595E-2,9.280532598E-2,-2.036848068E-1
9.117772780E-1,-6.641876698E-2,8.362418413E-2,-1.399211884E-1
9.316569250E-1,-7.617831230E-2,7.112556696E-2,-3.044414520E-2
9.416862000E-1,-5.441129208E-2,7.859450579E-2,-1.847038269E-1
9.517248370E-1,-3.899037838E-2,8.506226540E-2,-2.813510895E-1
9.716613150E-1,-7.139325142E-2,5.931627750E-2,-1.325750351E-1
9.816923950E-1,-8.000254631E-2,4.264545441E-2,-7.104969025E-2
9.917024350E-1,-8.790194988E-2,4.053789377E-2,-3.113746643E-2
1.001713455E0,-7.429552078E-2,4.233789444E-2,-3.091049194E-2
1.011754465E0,-6.583273411E-2,5.452817678E-2,-1.432113647E-1
1.021868470E0,-5.000889301E-2,5.374419689E-2,-2.602558136E-1
1.041733473E0,-5.471432209E-2,3.635722399E-2,-1.738128662E-1
1.051957974E0,-6.809782982E-2,2.644282579E-2,-9.566497803E-2
1.071698349E0,-8.163583279E-2,1.846915483E-2,-1.977062225E-2
1.081889412E0,-6.465816498E-2,1.256310940E-2,-8.417224884E-2
1.101695959E0,-2.727651596E-2,2.905201912E-2,-1.961908340E-1
1.121713596E0,-6.147825718E-2,1.497387886E-3,-6.872940063E-2
1.141726505E0,-4.505527020E-2,-5.691647530E-4,-5.619144440E-2
1.151854990E0,-3.080320358E-2,-1.118409634E-2,-1.565561295E-1
1.171775603E0,-4.411816597E-3,-2.480268478E-3,-2.016134262E-1
1.182201039E0,-1.495134830E-2,-1.521301270E-2,-1.546554565E-1
1.202030866E0,-2.254104614E-2,-3.683513403E-2,-5.228614807E-2
1.221757322E0,5.970358849E-3,-3.070503473E-2,-1.309194565E-1
1.231819398E0,2.152955532E-2,-2.374148369E-2,-2.037572861E-1
1.251699955E0,3.438055515E-2,-3.026723862E-2,-1.555624008E-1
1.261752715E0,2.377510071E-2,-3.615802526E-2,-1.182155609E-1
1.281737285E0,3.290903568E-2,-4.030841589E-2,-3.404331207E-2
1.302049927E0,7.421422005E-2,-4.663193226E-2,-1.713438034E-1
1.321774338E0,7.606482506E-2,-4.929196835E-2,-1.413259506E-1
1.331923406E0,6.587958336E-2,-5.305147171E-2,-1.005363464E-1
1.351807207E0,7.067871094E-2,-5.382996798E-2,-6.829833984E-2
1.371701408E0,1.068503857E-1,-3.491055965E-2,-1.726503372E-1
1.381735941E0,1.060547829E-1,-4.805052280E-2,-1.489562988E-1
1.392017708E0,1.010140181E-1,-2.754610777E-2,-1.072912216E-1
1.411824033E0,1.079037189E-1,-5.015677214E-2,-8.510303497E-2
1.421956254E0,1.090424061E-1,-3.301078081E-2,-9.147262573E-2
1.441729919E0,1.124904156E-1,-1.901042461E-2,-1.888027191E-1
1.461628336E0,1.127543449E-1,-1.802980900E-2,-1.104793549E-1
1.481620190E0,1.108750105E-1,-1.661807299E-2,-7.765769958E-2
1.492451832E0,1.208833456E-1,-1.894730330E-2,-1.140918732E-1
1.511977314E0,1.262667179E-1,-1.029932499E-2,-1.743135452E-1
1.531730684E0,1.122421026E-1,-4.840433598E-3,-9.448719025E-2
1.551914777E0,1.169422865E-1,-3.749430180E-3,-9.969425201E-2
1.571828800E0,1.110711098E-1,1.668053865E-2,-1.252918243E-1
1.591739806E0,1.148924828E-1,1.878488064E-2,-1.257572174E-1
1.612290057E0,1.035276651E-1,2.994024754E-2,-1.033658981E-1
1.631905620E0,1.035822630E-1,2.491950989E-2,-9.060096741E-2
1.651898011E0,9.350025654E-2,3.272569180E-2,-1.124696732E-1
1.671692109E0,7.608127594E-2,4.724526405E-2,-1.176385880E-1
1.681990792E0,7.793271542E-2,5.503773689E-2,-1.297416687E-1
1.701720804E0,5.981254578E-2,5.932140350E-2,-9.767913818E-2
1.721778057E0,4.224157333E-2,5.433320999E-2,-9.303760529E-2
1.731860766E0,3.823268414E-2,6.488317251E-2,-1.134729385E-1
1.751714297E0,3.976428509E-2,6.999981403E-2,-1.639556885E-1
1.771668930E0,1.747846603E-2,6.226885319E-2,-1.078519821E-1
1.791663588E0,4.665732384E-3,6.966817379E-2,-1.007909775E-1
1.811621003E0,1.724362373E-3,7.417261600E-2,-1.475887299E-1
1.831754107E0,-1.717853546E-2,7.652705908E-2,-1.022329330E-1
1.841864791E0,-2.253985405E-2,7.619810104E-2,-1.010417938E-1
1.861802804E0,-2.993273735E-2,6.836843491E-2,-1.321363449E-1
1.881902557E0,-3.936827183E-2,6.914007664E-2,-1.450052261E-1
1.901770245E0,-6.055235863E-2,5.889189243E-2,-1.027851105E-1
1.911775360E0,-6.532669067E-2,6.106728315E-2,-1.228399277E-1
1.921782417E0,-5.045402050E-2,6.559979916E-2,-1.406183243E-1
1.941761460E0,-4.704344273E-2,4.858249426E-2,-1.868457794E-1
1.961733471E0,-6.096816063E-2,4.743635654E-2,-9.288501740E-2
1.982017974E0,-6.789445877E-2,4.620540142E-2,-1.151933670E-1
2.001816849E0,-5.719411373E-2,3.640955687E-2,-1.830577850E-1
2.021747318E0,-6.481385231E-2,3.595936298E-2,-1.538343430E-1
2.031826896E0,-7.268917561E-2,2.289468050E-2,-9.608364105E-2
2.051942830E0,-6.624233723E-2,3.066474199E-2,-1.588115692E-1
2.072099313E0,-4.945766926E-2,2.554297447E-2,-2.048330307E-1
2.091760434E0,-5.988931656E-2,1.861059666E-2,-1.059951782E-1
2.101821454E0,-7.020938396E-2,-5.190908909E-3,-7.577991486E-2
2.121803969E0,-3.972709179E-2,1.189094782E-2,-1.674375534E-1
2.131828222E0,-3.973686695E-2,3.948569298E-3,-1.731920242E-1
2.142053348E0,-3.097879887E-2,-3.994882107E-3,-1.800785065E-1
2.152129411E0,-3.409039974E-2,-7.323563099E-3,-1.582298279E-1
2.171862959E0,-3.763568401E-2,-2.395635843E-2,-9.436225891E-2
2.191723596E0,-1.120626926E-2,-1.441580057E-2,-1.705579758E-1
2.201733035E0,-7.842063904E-3,-2.021849155E-2,-1.727743149E-1
2.211803255E0,-7.494688034E-4,-1.405173540E-2,-1.546173096E-1
2.231966670E0,7.791399956E-3,-3.746014833E-2,-1.122474670E-1
2.242424072E0,1.588356495E-2,-3.851300478E-2,-1.060972214E-1
2.261927874E0,3.940832615E-2,-3.157824278E-2,-1.596488953E-1
2.281951824E0,5.256235600E-2,-4.460054636E-2,-1.642255783E-1
2.301718312E0,6.113731861E-2,-4.062169790E-2,-1.005134583E-1
2.311720393E0,6.274259090E-2,-4.522365332E-2,-1.016292572E-1
2.321874934E0,7.248198986E-2,-3.993546963E-2,-1.458578110E-1
2.341735589E0,8.875811100E-2,-4.940688610E-2,-1.149272919E-1
2.361753503E0,9.605169296E-2,-4.564321041E-2,-1.413507462E-1
2.372193989E0,1.013587713E-1,-5.034488440E-2,-1.068639755E-1
2.382302732E0,9.394252300E-2,-4.214572906E-2,-9.506225586E-2
2.401802039E0,1.183408499E-1,-4.042404890E-2,-1.325817108E-1
2.411914757E0,1.112977266E-1,-3.488200903E-2,-1.281213760E-1
2.421929116E0,1.198987961E-1,-2.965551615E-2,-1.308517456E-1
2.441741135E0,1.145375967E-1,-3.814512491E-2,-1.099290848E-1
2.461700140E0,1.282628775E-1,-2.738040686E-2,-1.227283478E-1
2.471709807E0,1.237373352E-1,-1.888900995E-2,-1.037235260E-1
2.481926141E0,1.271524429E-1,-2.696466446E-2,-1.123113632E-1
2.501865141E0,1.296653748E-1,-3.155320883E-2,-1.282415390E-1
2.521948391E0,1.267217398E-1,-1.148045063E-2,-1.191768646E-1
2.532138433E0,1.346453428E-1,-1.385760307E-2,-1.218471527E-1
2.551794214E0,1.344749928E-1,5.318224430E-3,-1.306533813E-1
2.571685909E0,1.308150291E-1,-7.484018803E-3,-1.238546371E-1
2.581963192E0,1.349544525E-1,9.121477604E-3,-1.074142456E-1
2.601727904E0,1.218324900E-1,1.354104280E-2,-1.233930588E-1
2.621626582E0,1.239666939E-1,1.696050167E-2,-1.346197128E-1
2.641650751E0,9.685361385E-2,2.166676521E-2,-1.098127365E-1
2.661914794E0,9.631574154E-2,3.603935242E-2,-1.364355087E-1
2.681982304E0,9.589946270E-2,4.051816463E-2,-1.283454895E-1
2.692004889E0,8.334648609E-2,2.964746952E-2,-1.248569489E-1
2.711708578E0,5.821323395E-2,4.168349504E-2,-9.512233734E-2
2.721727526E0,5.990362167E-2,5.246436596E-2,-1.191797256E-1
2.731826000E0,5.938923359E-2,3.962486982E-2,-1.467733383E-1
2.751870106E0,4.980659485E-2,5.884951353E-2,-1.385869980E-1
2.771707382E0,3.105282784E-2,5.626726151E-2,-1.267614365E-1
2.781864928E0,2.111029625E-2,6.325751543E-2,-1.160612106E-1
2.801734588E0,1.912105083E-2,6.530672312E-2,-1.365671158E-1
2.811874531E0,1.875424385E-2,6.142836809E-2,-1.486196518E-1
2.831762989E0,-1.094794273E-2,5.204117298E-2,-1.354856491E-1
2.851674603E0,-1.377379894E-2,5.883300304E-2,-1.294879913E-1
2.861740539E0,-3.102231026E-2,6.151479483E-2,-1.461954117E-1
2.881811991E0,-3.632557392E-2,5.086952448E-2,-1.591300964E-1
2.901767354E0,-4.812026024E-2,6.252807379E-2,-1.336746216E-1
2.921801194E0,-5.334973335E-2,4.461491108E-2,-1.416149139E-1
2.931972334E0,-5.486011505E-2,6.144422293E-2,-1.557159424E-1
2.951747689E0,-5.637192726E-2,5.481880903E-2,-1.590070724E-1
2.971690028E0,-6.809854507E-2,4.352515936E-2,-1.394529343E-1
2.981765751E0,-6.681108475E-2,4.569590092E-2,-1.212978363E-1
3.001647294E0,-7.438433170E-2,3.568202257E-2,-1.423435211E-1
3.021737929E0,-6.879484653E-2,4.817593098E-2,-1.586170197E-1
3.032027702E0,-7.058846951E-2,2.891004086E-2,-1.451568604E-1
3.051817031E0,-7.428240776E-2,2.741378546E-2,-1.374101639E-1
3.071659614E0,-6.935107708E-2,2.264934778E-2,-1.427679062E-1
3.081932544E0,-7.103765011E-2,1.310718060E-2,-1.412477493E-1
3.091952509E0,-6.210148335E-2,1.902216673E-2,-1.397609711E-1
3.101977492E0,-5.561482906E-2,1.661241055E-2,-1.598272324E-1
3.121975979E0,-4.879856110E-2,1.537632942E-2,-1.532993317E-1
3.132040227E0,-4.830729961E-2,1.296550035E-2,-1.601982117E-1
3.151731663E0,-4.184508324E-2,-8.696317673E-5,-1.381568909E-1
3.171622772E0,-2.435660362E-2,2.282917500E-3,-1.460084915E-1
3.181757623E0,-2.896082401E-2,-9.640991688E-3,-1.457700729E-1
3.191839549E0,-1.571989059E-2,9.081959724E-4,-1.216287613E-1
3.211734243E0,-7.138729095E-3,-7.736563683E-3,-1.367673874E-1
3.231828167E0,2.624166012E-2,-1.646494865E-2,-1.818971634E-1
3.251921148E0,2.119898796E-2,-2.621603012E-2,-1.097183228E-1
3.271967643E0,3.572201729E-2,-2.080208063E-2,-9.016895294E-2
3.291836267E0,5.642390251E-2,-3.186577559E-2,-1.521730423E-1
3.311745173E0,8.257830143E-2,-2.587985992E-2,-1.735477448E-1
3.321746824E0,7.203900814E-2,-2.808088064E-2,-1.256093979E-1
3.341700812E0,7.510244846E-2,-4.257166386E-2,-7.534599304E-2
3.351754643E0,8.394753933E-2,-3.710782528E-2,-8.619785309E-2
3.371623017E0,1.025387049E-1,-3.420943022E-2,-1.570072174E-1
3.381879746E0,1.119310856E-1,-2.998679876E-2,-1.583967209E-1
3.401794792E0,1.177711487E-1,-2.773970366E-2,-1.122732162E-1
3.421646304E0,1.201412678E-1,-3.196620941E-2,-8.423614502E-2
3.431665389E0,1.298977137E-1,-2.705889940E-2,-1.179199219E-1
3.451619703E0,1.395176649E-1,-2.553176880E-2,-1.649827957E-1
3.461747089E0,1.501885653E-1,-2.531218529E-2,-1.675815582E-1
3.481887128E0,1.392209530E-1,-1.793682575E-2,-8.660316467E-2
3.501742388E0,1.362770796E-1,-2.821063995E-2,-9.783840179E-2
3.521718203E0,1.508356333E-1,-1.688301563E-2,-1.318912506E-1
3.531789839E0,1.446181536E-1,-1.542168856E-2,-1.512660980E-1
3.551771566E0,1.359496117E-1,-1.029866934E-2,-1.205692291E-1
3.571885997E0,1.343334913E-1,1.693069935E-3,-1.078720093E-1
3.582297736E0,1.314841509E-1,-7.636189461E-3,-1.093282700E-1
3.592584605E0,1.369365454E-1,8.045017719E-3,-1.227779388E-1
3.612106507E0,1.275275946E-1,4.791021347E-3,-1.291122437E-1
3.632490233E0,1.269345284E-1,8.612692356E-3,-1.212158203E-1
3.652108664E0,1.069051027E-1,6.598293781E-3,-1.167459488E-1
3.671766272E0,1.085186005E-1,9.783864021E-3,-1.337776184E-1
3.681773373E0,9.796309471E-2,2.209222317E-2,-1.339159012E-1
3.702162449E0,8.939814568E-2,3.210800886E-2,-1.305227280E-1
3.721852968E0,7.025861740E-2,2.533173561E-2,-1.127338409E-1
3.732123221E0,7.567250729E-2,2.788186073E-2,-1.223945618E-1
3.752176911E0,5.083441734E-2,3.094816208E-2,-1.440429688E-1
3.771876334E0,3.934621811E-2,4.386520386E-2,-1.452903748E-1
3.781941404E0,3.313136101E-2,4.630589485E-2,-1.225805283E-1
3.801861957E0,2.264046669E-2,4.634386301E-2,-1.263198853E-1
3.821773345E0,3.793358803E-3,4.714888334E-2,-1.227064133E-1
3.841694192E0,-2.224683762E-3,6.472527981E-2,-1.586523056E-1
3.861646904E0,-2.771234512E-2,5.430459976E-2,-1.298418045E-1
3.871651689E0,-2.682673931E-2,5.499535799E-2,-1.405048370E-1
3.891694528E0,-2.932226658E-2,4.435509443E-2,-1.392021179E-1
3.911685988E0,-4.913210869E-2,5.299812555E-2,-1.581335068E-1
3.931646603E0,-5.163514614E-2,5.965054035E-2,-1.555967331E-1
3.951633757E0,-1.771497726E-2,5.549407005E-2,-1.412057877E-1
3.962190616E0,1.715998650E-1,1.277750134E-1,1.620388031E-1
3.981870260E0,3.916307688E-1,1.986935139E-1,-3.395862579E-1
4.001893671E0,4.077105522E-1,8.295738697E-2,-7.301235199E-2
4.011896073E0,3.432829380E-1,3.325963020E-2,-1.917734146E-1
4.032423124E0,9.325432777E-2,3.696316481E-2,-1.441287994E-1
4.052064387E0,3.841829300E-2,9.608465433E-2,-4.196548462E-2
4.071806953E0,2.109241486E-2,6.711554527E-2,-4.113292694E-2
4.081818714E0,-3.021025658E-2,4.887866974E-2,-2.337484360E-1
4.101671284E0,-2.245844603E-1,-5.291843414E-2,-2.767496109E-1
4.121747177E0,-2.118173838E-1,-8.594602346E-2,-1.178245544E-1
4.131865326E0,-1.138125658E-1,-7.646369934E-2,-5.352020264E-3
4.151682187E0,3.299366236E-1,-2.062410116E-2,-1.151390076E-1
4.161835331E0,3.562663794E-1,-2.455723286E-2,-2.748308182E-1
4.181960689E0,1.581741571E-1,4.524648190E-2,-2.642698288E-1
4.201742028E0,-2.525163889E-1,6.226414442E-2,2.566623688E-2
4.221678613E0,-3.098896742E-1,6.378024817E-2,-7.008743286E-2
4.231712044E0,-2.394427061E-1,1.427185535E-2,-1.597394943E-1
4.241721259E0,-1.684964895E-1,-3.207981586E-3,-3.610229492E-1
4.251749367E0,-1.500458717E-1,-2.892172337E-2,-3.995714188E-1
4.261767421E0,-1.751798391E-1,-8.521997929E-2,-2.239046097E-1
4.271784948E0,-1.990351677E-1,-1.106944084E-1,-1.639118195E-1
4.291795093E0,-1.252957582E-1,-1.702055335E-1,-5.455303192E-2
4.301867784E0,-5.389833450E-2,-1.509930491E-1,5.749988556E-2
4.321780302E0,1.766507626E-1,-7.729303837E-2,-1.230087280E-1
4.341960431E0,1.887472868E-1,6.849646568E-2,-3.201074600E-1
4.361833714E0,-5.362415314E-2,2.368827760E-1,1.478176117E-1
4.382922784E0,-8.515834808E-2,1.741878986E-1,-1.742362976E-1
4.402205302E0,-2.386736870E-2,6.904178858E-2,-2.606325150E-1
4.421823931E0,-3.091263771E-2,-8.711701632E-2,-2.330513000E-1
4.431825703E0,1.648962498E-2,-1.142998934E-1,-2.065286636E-1
4.441890589E0,7.586097717E-2,-1.176710129E-1,-1.130781174E-1
4.461725753E0,6.086385250E-2,-8.539688587E-2,-8.643722534E-2
4.471731114E0,3.990352154E-2,-1.190594435E-1,-3.037834167E-2
4.491655384E0,1.023563147E-1,-6.378102303E-2,-1.596517563E-1
4.501725429E0,1.355059147E-1,-2.210986614E-2,-2.043190002E-1
4.511778452E0,1.435123682E-1,3.241622448E-2,-1.940507889E-1
4.521838963E0,1.530486345E-1,8.179360628E-2,-1.974391937E-1
4.541712597E0,1.986025572E-1,3.481737077E-1,1.405639648E-1
4.551739036E0,4.778707027E-2,4.561454654E-1,-1.032066345E-2
4.561837255E0,-3.505623341E-1,5.407854319E-1,3.859710693E-2
4.581816920E0,-3.482164145E-1,4.087252617E-1,-7.004747391E-1
4.591883697E0,-3.653070927E-1,1.637305617E-1,-4.107885361E-1
4.602003086E0,-3.713041544E-1,-1.164291501E-1,1.429300308E-1
4.621956127E0,1.464128494E-3,-3.451194167E-1,-1.216058731E-1
4.641860138E0,3.851485252E-2,-2.314420938E-1,-2.670135498E-1
4.661738890E0,9.637284279E-2,-5.921280384E-2,-1.568670273E-1
4.671763682E0,1.323999166E-1,8.679533005E-2,-7.548236847E-2
4.691660026E0,-2.194142342E-2,1.820334792E-1,-2.028799057E-1
4.701700750E0,-4.754793644E-2,1.515065432E-1,-2.302761078E-1
4.711716112E0,1.809036732E-2,1.780061722E-1,-2.762403488E-1
4.731648884E0,2.412840128E-1,2.663640082E-1,1.552190781E-1
4.741742179E0,3.003430367E-1,1.887449622E-1,1.658916473E-1
4.761762651E0,2.019032240E-1,5.503356457E-2,-1.466903687E-1
4.781804519E0,1.253645420E-1,-1.917731762E-2,-4.804325104E-1
4.801652736E0,-2.297091484E-1,-2.624742389E-1,-1.198844910E-1
4.812284605E0,-3.327451944E-1,-3.844054937E-1,-3.804206848E-2
4.831868257E0,-2.877219915E-1,-4.063635468E-1,-5.352973938E-2
4.841966866E0,-2.243760824E-1,-3.621948957E-1,-1.296539307E-1
4.861705072E0,-6.162071228E-2,-8.614939451E-2,-2.685661316E-1
4.871771773E0,1.099756956E-1,1.439670324E-1,-3.509941101E-1
4.891685049E0,2.527786493E-1,3.492921591E-1,-1.556816101E-1
4.901731762E0,2.460734844E-1,3.219694793E-1,-6.581401825E-2
4.921740796E0,-9.039640427E-2,-1.161098480E-4,-1.345348358E-2
4.931978135E0,-9.075438976E-2,7.119059563E-3,2.158451080E-2
4.951818640E0,2.686595917E-2,4.201799631E-2,3.242397308E-2
4.971713516E0,-1.616159678E-1,4.777985811E-2,-2.366962433E-1
4.981962995E0,-1.007943153E-1,1.486634612E-1,-4.042139053E-1
5.001871605E0,1.088323593E-1,2.598554194E-1,-1.694803238E-1
5.021787507E0,1.535595655E-1,8.886021376E-2,1.201257706E-1
5.031902491E0,1.163648367E-1,-1.668393612E-3,-1.299858093E-2
5.041952983E0,1.121401787E-3,-1.169168353E-1,-3.151855469E-1
5.061713352E0,-3.382343054E-1,-3.993190527E-1,-4.182319641E-1
5.082072444E0,-1.946824789E-1,-3.695458174E-1,-1.759843826E-1
5.101759467E0,1.560270786E-1,-3.162288666E-2,1.029663086E-1
5.121671973E0,3.597886562E-1,4.256844223E-1,-2.207870483E-1
5.131786224E0,3.337713480E-1,4.572939873E-1,-2.294616699E-1
5.141805849E0,2.548396587E-1,4.242255390E-1,-1.373319626E-1
5.151829662E0,1.106263399E-1,1.973028481E-1,-2.671527863E-2
5.161843568E0,9.079802036E-2,1.232907474E-1,1.027107239E-1
5.181802498E0,1.178699732E-1,-7.179176807E-2,-3.680706024E-2
5.201812730E0,1.346013546E-1,-3.908811212E-1,-4.722366333E-1
5.221702038E0,-1.243578196E-1,-4.994145632E-1,-2.133197784E-1
5.231740256E0,-3.035277128E-1,-4.092956781E-1,-2.359867096E-2
5.251683420E0,-6.445314884E-1,-3.055341244E-1,2.894773483E-1
5.271666461E0,-5.379196405E-1,-1.740251780E-1,-3.891115189E-1
5.281941468E0,-4.310352802E-1,-1.283440590E-1,-6.840486526E-1
5.301689473E0,8.756875992E-3,-1.096884608E-1,-2.543334961E-1
5.321627724E0,1.428315639E-1,-1.523770690E-1,1.762247086E-1
5.331675599E0,8.490812778E-2,-2.508904338E-1,1.927251816E-1
5.351862006E0,-1.295602322E-2,-3.169543147E-1,-3.800430298E-1
5.371686107E0,-8.717226982E-2,-1.928048730E-1,-3.572597504E-1
5.381764291E0,-1.023000479E-1,-9.298217297E-2,-1.855640411E-1
5.401703679E0,-8.443140984E-2,1.644060612E-1,-3.699302673E-3
5.411750077E0,-4.413294792E-2,2.021895945E-1,2.150917053E-2
5.431694125E0,1.062631607E-3,-2.990305424E-3,-2.562665939E-1
5.441752300E0,-1.012566090E-1,-2.109080553E-1,-3.447475433E-1
5.461746181E0,-3.045291901E-1,-5.532436967E-1,-1.767663956E-1
5.471782828E0,-3.235331774E-1,-6.180247664E-1,-7.238674164E-2
5.481903151E0,-2.128704786E-1,-4.940253496E-1,-1.727504730E-1
5.501776644E0,-2.069056034E-2,-7.220065594E-2,-2.297363281E-1
5.511898559E0,1.942193508E-2,8.191418648E-2,-2.357025146E-1
5.522260517E0,1.809501648E-2,2.025046945E-1,-2.090950012E-1
5.541934985E0,-9.490370750E-2,2.620559335E-1,-9.349822998E-2
5.561753852E0,-3.925681114E-2,7.033979893E-2,-2.677984238E-1
5.581651319E0,-2.726328373E-2,-6.934547424E-2,-3.046331406E-1
5.591705397E0,-7.805669308E-2,-1.071295738E-1,-3.482761383E-1
5.602163936E0,-8.916962147E-2,-6.748288870E-2,-3.651781082E-1
5.621755840E0,-9.898583889E-1,-1.723015308E-2,-7.208728790E-2
5.631918157E0,-1.342225432E0,-6.616991758E-2,-2.272329330E-1
5.651819145E0,-1.189919233E0,-1.923227310E-2,9.329891205E-2
5.661823810E0,-9.653600454E-1,3.299915791E-2,-1.044980049E0
5.671833642E0,-1.007602811E0,2.711713314E-2,-4.986257553E-1
5.681931558E0,-1.092547774E0,-1.919567585E-2,1.752758026E-2
5.702069995E0,-1.036043763E0,-4.198873043E-2,-2.632560730E-1
5.721861605E0,-8.638811111E-1,-6.060659885E-3,-1.865215302E-1
5.732114040E0,-7.438275814E-1,2.285528183E-2,-7.704353333E-1
5.751858616E0,-7.763246298E-1,-2.370798588E-2,2.142219543E-1
5.771748010E0,-6.068007946E-1,-3.521978855E-2,-3.397302628E-1
5.791704858E0,-4.560809135E-1,-1.575487852E-2,1.340866089E-2
5.811729570E0,-2.880544662E-1,-5.035340786E-3,-2.471780777E-1
5.821748522E0,-2.895004749E-1,-2.659159899E-2,3.776865005E-1
5.841820236E0,-9.497821331E-2,-3.559798002E-2,3.490447998E-2
5.861803415E0,9.096121788E-2,-8.784949780E-3,-2.207164764E-1
5.872134445E0,2.844374180E-1,1.898276806E-2,-3.257560730E-1
5.891805467E0,3.577815294E-1,-1.532047987E-2,5.916547775E-1
5.911733973E0,5.607588291E-1,1.194661856E-2,1.624002457E-1
5.931706099E0,7.495179176E-1,4.024583101E-2,-4.752922058E-2
5.951957631E0,9.086966515E-1,3.528219461E-2,-1.216096878E-1
5.971760264E0,1.016745925E0,4.636472464E-2,2.700233459E-1
5.981964869E0,1.104597569E0,5.802929401E-2,1.427154541E-1
6.001851573E0,1.159193277E0,7.566541433E-2,1.234617233E-1
6.021730749E0,1.283222556E0,7.170563936E-2,-2.239074707E-1
6.041664043E0,1.362068892E0,6.541895866E-2,-8.113861084E-3
6.051677759E0,1.366566896E0,6.448525190E-2,-1.415014267E-1
6.061769617E0,1.408291459E0,7.572150230E-2,7.395458221E-2
6.081777260E0,1.362687707E0,7.954466343E-2,-1.237001419E-1
6.101730921E0,1.263034344E0,7.211977243E-2,-9.130096436E-2
6.112010698E0,1.241874099E0,7.302141190E-2,-3.254938126E-1
6.131799780E0,1.224457860E0,7.050359249E-2,-1.913776398E-1
6.151806551E0,1.118358493E0,6.835526228E-2,-1.372652054E-1
6.171733494E0,1.068742990E0,4.669189453E-2,6.026649475E-2
6.191843479E0,9.837710857E-1,4.662251472E-2,-2.642126083E-1
6.201982977E0,9.499456882E-1,5.424994230E-2,-2.545108795E-1
6.221807600E0,8.328284621E-1,4.122608900E-2,-2.190303802E-1
6.241845006E0,6.298065186E-1,2.806770802E-2,8.732414246E-2
6.261703607E0,5.259570479E-1,1.538592577E-2,-3.583431244E-2
6.281654758E0,3.553478122E-1,4.500985146E-3,-1.683273315E-1
6.301647545E0,1.789083481E-1,-1.371771097E-2,2.499580383E-2
6.311648510E0,1.051552296E-1,-1.437085867E-2,9.435939789E-2
6.331744483E0,-5.111455917E-2,-2.382057905E-2,1.075515747E-1
6.351662227E0,-1.931191683E-1,-2.233046293E-2,-9.268760681E-3
6.371666163E0,-3.315564394E-1,-1.818484068E-2,-6.713485718E-2
6.381810819E0,-4.037619829E-1,-2.653938532E-2,-4.553222656E-2
6.401969811E0,-5.837272406E-1,-4.052835703E-2,-8.773803711E-4
6.421956309E0,-7.421553135E-1,-3.418475389E-2,2.102375031E-2
6.441799433E0,-9.493030310E-1,-2.506232262E-2,-1.284103394E-1
6.461802214E0,-1.067028403E0,-2.338057756E-2,-2.871484756E-1
6.471887844E0,-1.093562484E0,-2.364295721E-2,-2.465105057E-1
6.491713817E0,-1.125376582E0,-3.119337559E-2,-2.045030594E-1
6.511703810E0,-1.124361873E0,-2.121168375E-2,-1.733474731E-1
6.521719142E0,-1.123783827E0,-2.699363232E-2,-2.666788101E-1
6.531985808E0,-1.088636160E0,-4.992723465E-3,-3.365678787E-1
6.542059141E0,-1.122656465E0,9.750127792E-4,-4.343051910E-1
6.561948141E0,-1.127465725E0,1.031625271E-2,-4.775094986E-1
6.581714891E0,-1.121310592E0,6.551325321E-3,-3.293838501E-1
6.601684079E0,-1.042137384E0,-5.992889404E-3,-3.373632431E-1
6.611714777E0,-9.910172224E-1,8.141398430E-3,-4.137420654E-1
6.621851626E0,-9.275782108E-1,2.270048857E-2,-5.428867340E-1
6.641736512E0,-9.074916840E-1,8.800804615E-3,-4.569206238E-1
6.661717484E0,-8.312515020E-1,6.848096848E-3,-3.044404984E-1
6.681671727E0,-7.096556425E-1,6.765425205E-3,-3.135738373E-1
6.701629538E0,-5.765631199E-1,1.195073128E-2,-3.565530777E-1
6.721608740E0,-4.509916306E-1,1.548552513E-2,-3.062953949E-1
6.731660107E0,-4.105446339E-1,1.340049505E-2,-2.183971405E-1
6.741713291E0,-3.551750183E-1,-1.988053322E-3,-1.573505402E-1
6.751726883E0,-2.958266735E-1,4.717409611E-3,-1.116609573E-1
6.771842827E0,-1.705958843E-1,2.110600471E-3,-8.556747437E-2
6.791864313E0,-4.684853554E-2,6.497085094E-3,-4.993629456E-2
6.811878934E0,1.371393204E-1,1.957517862E-2,1.024532318E-2
6.831713839E0,2.733900547E-1,1.293683052E-2,1.207780838E-1
6.841726657E0,3.469600677E-1,1.179331541E-2,1.548528671E-1
6.861758770E0,4.567452669E-1,1.431727409E-2,2.561426163E-1
6.881711548E0,6.290571690E-1,2.805048227E-2,8.799552917E-2
6.901692493E0,7.832161188E-1,4.275405407E-2,1.420907974E-1
6.911733484E0,8.771219254E-1,4.162317514E-2,2.208900452E-1
6.921872479E0,9.072551727E-1,3.421783447E-2,3.059263229E-1
6.941733976E0,1.051846147E0,4.510837793E-2,4.352664948E-1
6.961680100E0,1.207156301E0,6.263542175E-2,3.687381744E-2
6.971689287E0,1.278249860E0,7.693392038E-2,5.509471893E-2
6.981986881E0,1.343260050E0,7.758945227E-2,1.179485321E-1
7.001853326E0,1.397049189E0,7.663917542E-2,3.164329529E-1
7.021740437E0,1.527848244E0,9.465098381E-2,8.580493927E-2
7.031893456E0,1.591952801E0,1.063053608E-1,6.666183472E-2
7.051786970E0,1.548372388E0,1.009144783E-1,1.229286194E-3
7.071693598E0,1.506864071E0,8.718276024E-2,-1.195621490E-2
7.091679505E0,1.448327422E0,9.342586994E-2,-5.484580994E-2
7.101708490E0,1.418932915E0,9.080064297E-2,-1.238965988E-1
7.111786482E0,1.367816687E0,9.305077791E-2,-8.330059052E-2
7.121791478E0,1.328433275E0,9.036511183E-2,-1.217594147E-1
7.131983976E0,1.310779691E0,8.459746838E-2,-1.927509308E-1
7.142154225E0,1.252923131E0,8.154177666E-2,-1.809978485E-1
7.152258850E0,1.210582376E0,8.454996347E-2,-1.346769333E-1
7.171861068E0,1.111350179E0,7.512754202E-2,-1.864509583E-1
7.191779623E0,1.004097700E0,7.048958540E-2,-1.551513672E-1
7.211710262E0,8.524700403E-1,4.991763830E-2,-1.276664734E-1
7.231752171E0,7.161183953E-1,3.035086393E-2,-1.274709702E-1
7.241907323E0,6.407619119E-1,2.773571014E-2,-9.630584717E-2
7.261803437E0,4.934166074E-1,2.563208342E-2,-1.913785934E-1
7.272184456E0,4.365516305E-1,2.772736549E-2,-2.124471664E-1
7.292737970E0,2.630185485E-1,-1.909673214E-3,2.415275574E-2
7.312018848E0,1.264315248E-1,-1.094180346E-2,-8.490562439E-3
7.331870068E0,-8.814811707E-3,-1.004350185E-2,-5.963516235E-2
7.341890771E0,-8.173036575E-2,-3.800451756E-3,-1.298084259E-1
7.361732049E0,-2.341753244E-1,-2.198898792E-2,4.170703888E-2
7.381721618E0,-3.986935616E-1,-3.628474474E-2,-2.251625061E-2
7.391860046E0,-5.516369343E-1,-3.564655781E-2,-2.360630035E-2
7.411672367E0,-7.177391648E-1,-3.017437458E-2,-7.100486755E-2
7.421921421E0,-8.047427535E-1,-3.946000338E-2,-2.519893646E-2
7.441907461E0,-9.727864265E-1,-2.723658085E-2,-5.175781250E-2
7.461803471E0,-1.042201996E0,-2.974385023E-2,-7.238006592E-2
7.481807474E0,-1.071809292E0,-2.710187435E-2,-1.854181290E-1
7.501708974E0,-1.101443172E0,-1.695507765E-2,-2.248325348E-1
7.511723724E0,-1.112822652E0,-1.404041052E-2,-2.425966263E-1
7.521909099E0,-1.118500590E0,-1.490330696E-2,-2.468509674E-1
7.532405287E0,-1.119778275E0,-2.545213699E-2,-2.197942734E-1
7.551917178E0,-1.103974104E0,-1.198470592E-3,-3.168716431E-1
7.571889650E0,-1.068375111E0,-7.832050323E-4,-3.650245667E-1
7.591919768E0,-1.060906291E0,2.487003803E-3,-3.795719147E-1
7.611817048E0,-1.012187243E0,7.754683495E-3,-3.778238297E-1
7.631790118E0,-9.295397997E-1,1.109880209E-2,-4.052610397E-1
7.641905796E0,-8.919260502E-1,1.387041807E-2,-4.365758896E-1
7.661738305E0,-8.306325674E-1,1.765602827E-2,-4.291114807E-1
7.671756390E0,-7.983785868E-1,1.736027002E-2,-3.860311508E-1
7.691755953E0,-7.024812698E-1,1.317566633E-2,-3.831090927E-1
7.701839714E0,-6.568474770E-1,1.773524284E-2,-3.309869766E-1
7.722161284E0,-5.523097515E-1,1.935225725E-2,-3.232231140E-1
7.741976177E0,-4.577002525E-1,1.466584206E-2,-2.524127960E-1
7.761944900E0,-3.410935402E-1,1.213556528E-2,-2.018537521E-1
7.781790581E0,-1.776785851E-1,2.095657587E-2,-1.432895660E-1
7.801782001E0,-9.666705132E-2,4.241585732E-3,-1.508808136E-2
7.821660606E0,3.143191338E-2,1.258087158E-2,-3.828048706E-3
7.841648507E0,1.668744087E-1,1.819241047E-2,3.184127808E-2
7.851658491E0,2.363066673E-1,1.989990473E-2,4.684734344E-2
7.861880983E0,2.850322723E-1,1.338523626E-2,1.039934158E-1
7.881835852E0,3.998205662E-1,1.257801056E-2,2.201805115E-1
7.891913663E0,4.637309313E-1,2.214217186E-2,1.542282104E-1
7.911724272E0,6.243188381E-1,3.242242336E-2,1.501836777E-1
7.921815373E0,6.975463629E-1,2.556377649E-2,1.940021515E-1
7.931847424E0,7.095707655E-1,2.817863226E-2,2.206773758E-1
7.951971462E0,8.878906965E-1,3.963232040E-2,2.042598724E-1
7.971766471E0,1.043911695E0,4.467409849E-2,1.945934296E-1
7.991727974E0,1.100661159E0,5.856335163E-2,1.701211929E-1
8.001867724E0,1.062943697E0,5.375587940E-2,1.404237747E-1
8.012000099E0,1.037481308E0,5.503946543E-2,1.142635345E-1
8.022030787E0,1.037509680E0,5.584949255E-2,7.435512543E-2
8.041759803E0,1.068464279E0,6.062513590E-2,4.268932343E-2
8.061668807E0,1.090350628E0,6.369769573E-2,-8.701324463E-3
8.081625558E0,1.087028027E0,7.963538170E-2,-6.207847595E-2
8.091732516E0,1.085777044E0,6.341952085E-2,-4.482936859E-2
8.101925995E0,1.070646286E0,6.866401434E-2,-6.540298462E-2
8.122048605E0,1.042997360E0,6.979501247E-2,-1.268167496E-1
8.141842507E0,1.029566050E0,6.967043877E-2,-2.016811371E-1
8.161746983E0,9.778146744E-1,5.781686306E-2,-1.781558990E-1
8.182037352E0,9.083677530E-1,6.042730808E-2,-1.888780594E-1
8.201874694E0,8.279039860E-1,4.446250200E-2,-2.194013596E-1
8.221722279E0,7.391080260E-1,4.671448469E-2,-1.931619644E-1
8.241671676E0,6.279431581E-1,4.093885422E-2,-1.935110092E-1
8.261685025E0,5.124337077E-1,2.699869871E-2,-1.938571930E-1
8.271757750E0,4.500721097E-1,2.687966824E-2,-1.465196609E-1
8.281901612E0,3.834229112E-1,5.380332470E-3,-1.215858459E-1
8.301847009E0,2.496982217E-1,2.469062805E-3,-1.061439514E-1
8.321782108E0,1.281391382E-1,-9.427487850E-3,-6.529808044E-2
8.341829883E0,-7.240921259E-2,-1.749634743E-2,-4.415988922E-2
8.361695827E0,-2.140672803E-1,-2.003020048E-2,-3.868770599E-2
8.381718563E0,-3.561832905E-1,-3.853744268E-2,-1.124668121E-2
8.391812519E0,-4.199401736E-1,-3.142839670E-2,1.666069031E-3
8.411794736E0,-5.155580044E-1,-3.782153130E-2,-3.911304474E-2
8.421861605E0,-5.443596244E-1,-3.658884764E-2,-3.118038177E-2
8.441691257E0,-6.573131084E-1,-3.102272749E-2,-2.499008179E-2
8.462219920E0,-8.283637762E-1,-3.636848927E-2,-3.992080688E-2
8.481793336E0,-8.312103748E-1,-3.162491322E-2,-9.673023224E-2
8.501732690E0,-8.150982857E-1,-2.574455738E-2,-1.032209396E-1
8.511760082E0,-8.016372919E-1,-1.574254036E-2,-1.471176147E-1
8.531747626E0,-9.208469391E-1,-1.844668388E-2,-1.665153503E-1
8.541770550E0,-9.852750301E-1,-1.418673992E-2,-2.022237778E-1
8.561675743E0,-1.026393175E0,-1.411682367E-2,-2.680540085E-1
8.571729109E0,-1.023279667E0,-5.657315254E-3,-2.966032028E-1
8.591665383E0,-1.014214277E0,-1.239961386E-2,-3.220481873E-1
8.601806929E0,-9.969553947E-1,-1.510858536E-3,-3.404302597E-1
8.621696088E0,-9.637316465E-1,6.109476089E-5,-3.666439056E-1
8.631755281E0,-9.484848976E-1,7.375776768E-3,-3.620462418E-1
8.641780378E0,-9.227590561E-1,1.402646303E-2,-3.850898743E-1
8.661750450E0,-8.604451418E-1,1.245886087E-2,-4.343652725E-1
8.681812468E0,-8.046922684E-1,1.389694214E-2,-3.922262192E-1
8.691913971E0,-7.634881735E-1,1.407849789E-2,-3.831272125E-1
8.711826099E0,-6.876089573E-1,2.115720510E-2,-3.920507431E-1
8.731695631E0,-5.845437050E-1,1.902168989E-2,-3.566436768E-1
8.741724053E0,-5.486385822E-1,1.615142822E-2,-2.933435440E-1
8.761782869E0,-4.520859718E-1,2.465379238E-2,-2.248849869E-1
8.771852172E0,-4.007394314E-1,1.726585627E-2,-2.151498795E-1
8.791792899E0,-2.607653141E-1,2.607291937E-2,-2.255239487E-1
8.811768081E0,-1.677973270E-1,1.564228535E-2,-1.479787827E-1
8.831673126E0,-6.891965866E-2,1.259011030E-2,-1.530742645E-2
8.841676800E0,-1.498889923E-2,1.290237904E-2,4.744529724E-3
8.861676806E0,1.262707710E-1,1.591831446E-2,1.223182678E-2
8.871991140E0,1.914811134E-1,2.106803656E-2,1.090621948E-2
8.891759891E0,3.030071259E-1,2.344465256E-2,1.265048981E-1
8.911669079E0,5.047603846E-1,2.659761906E-2,1.782226562E-1
8.931644126E0,6.827924252E-1,4.182004929E-2,1.720561981E-1
8.941713300E0,7.574743032E-1,4.182481766E-2,1.905698776E-1
8.961761181E0,8.423793316E-1,4.097121954E-2,2.545776367E-1
8.971776828E0,8.446986675E-1,4.342734814E-2,2.527446747E-1
8.981842651E0,8.533107042E-1,4.252380133E-2,2.242994308E-1
8.991893063E0,8.562593460E-1,4.070997238E-2,1.774339676E-1
9.011851872E0,1.014628530E0,5.798000097E-2,1.554231644E-1
9.021963173E0,9.855073690E-1,4.950124025E-2,1.284523010E-1
9.041981649E0,9.381651878E-1,4.818648100E-2,1.092691422E-1
9.052269562E0,9.052351117E-1,4.319643974E-2,7.495212555E-2
9.072015496E0,8.636114001E-1,5.033230782E-2,-1.410865784E-2
9.091917730E0,8.972521424E-1,5.091953278E-2,-5.602550507E-2
9.111769038E0,9.533632398E-1,5.764657259E-2,-3.349399567E-2
9.121786756E0,9.523026347E-1,5.392807722E-2,-8.929634094E-2
9.141652795E0,9.539768696E-1,7.885068655E-2,-2.006330490E-1
9.151707635E0,9.435022473E-1,6.026607752E-2,-1.898269653E-1
9.171655765E0,9.052813053E-1,5.007970333E-2,-1.397552490E-1
9.191633547E0,8.596171141E-1,5.536454916E-2,-1.670436859E-1
9.201783011E0,8.293662071E-1,5.836045742E-2,-2.274198532E-1
9.221675359E0,7.761775255E-1,4.890269041E-2,-2.835998535E-1
9.241835946E0,6.856359243E-1,3.626590967E-2,-1.747875214E-1
9.261677092E0,5.868227482E-1,2.426618338E-2,-1.718082428E-1
9.271756783E0,5.389875174E-1,2.968734503E-2,-1.557121277E-1
9.281788629E0,4.825817943E-1,2.828574181E-2,-1.990194321E-1
9.301952513E0,3.439323306E-1,9.158670902E-3,-1.471509933E-1
9.321772484E0,2.134128213E-1,-1.345813274E-3,-8.888149261E-2
9.331941479E0,1.549829841E-1,-5.774676800E-3,-5.275726318E-2
9.342067977E0,9.340566397E-2,-1.136416197E-2,-7.273006439E-2
9.362262350E0,-2.310550213E-2,-1.603394747E-2,-8.860969543E-2
9.381845693E0,-1.616501808E-1,-2.213835716E-2,-7.998752594E-2
9.391861584E0,-2.359428406E-1,-2.335220575E-2,-4.883861542E-2
9.411702252E0,-3.699768186E-1,-4.234349728E-2,3.476142883E-2
9.431666669E0,-4.370074868E-1,-3.522658348E-2,-1.071453094E-2
9.441676072E0,-4.812163115E-1,-2.339947224E-2,-4.039192200E-2
9.461721124E0,-5.428880453E-1,-3.387618065E-2,-3.962135315E-2
9.481754137E0,-7.763032913E-1,-3.511559963E-2,-5.605697632E-3
9.501651890E0,-9.322847724E-1,-3.970968723E-2,-9.472560883E-2
9.521705328E0,-9.781005383E-1,-2.785819769E-2,-1.490440369E-1
9.531924901E0,-9.641810656E-1,-3.439337015E-2,-1.219701767E-1
9.551739581E0,-9.222457409E-1,-2.346187830E-2,-1.269340515E-1
9.571678751E0,-8.984165192E-1,-2.269524336E-2,-2.284326553E-1
9.581721113E0,-9.035458565E-1,-9.469211102E-3,-2.531318665E-1
9.592521794E0,-9.018702507E-1,-9.717822075E-3,-2.530479431E-1
9.611899554E0,-9.107770920E-1,-1.098340750E-2,-2.537336349E-1
9.631843494E0,-9.006228447E-1,1.533865929E-3,-3.036375046E-1
9.651725229E0,-8.708852530E-1,4.959046841E-3,-3.754158020E-1
9.661983852E0,-8.814480305E-1,1.677405834E-2,-3.832387924E-1
9.682090319E0,-8.432961702E-1,7.906675339E-3,-3.482904434E-1
9.701854186E0,-7.714182138E-1,2.004849911E-2,-3.955965042E-1
9.721814402E0,-6.993081570E-1,3.422319889E-2,-4.247484207E-1
9.731842938E0,-6.563436985E-1,3.713887930E-2,-4.047870636E-1
9.751723090E0,-6.139278412E-1,1.545721292E-2,-2.786588669E-1
9.761857782E0,-5.548918247E-1,1.721787453E-2,-2.846593857E-1
9.781778801E0,-4.418885708E-1,1.748502254E-2,-2.900094986E-1
9.801674556E0,-3.406159878E-1,3.076452017E-2,-2.671213150E-1
9.821642745E0,-2.628359795E-1,2.212637663E-2,-1.172513962E-1
9.841709542E0,-1.375684738E-1,2.076023817E-2,-1.111497879E-1
9.851922008E0,-7.950162888E-2,1.527059078E-2,-1.400241852E-1
9.871862858E0,5.509090424E-2,2.382159233E-2,2.917861938E-2
9.891778570E0,1.728720665E-1,6.997048855E-3,1.421289444E-1
9.901925022E0,2.481093407E-1,2.565270662E-2,1.073417664E-1
9.921785611E0,4.079482555E-1,2.841317654E-2,7.643795013E-2
9.931844043E0,4.411268234E-1,2.986025810E-2,1.421365738E-1
9.941873259E0,4.879199266E-1,3.118956089E-2,2.040576935E-1
9.961728921E0,5.990762711E-1,2.402180433E-2,2.318725586E-1
9.971962698E0,6.620644331E-1,3.080987930E-2,2.126951218E-1
9.981990086E0,7.480946779E-1,3.466486931E-2,1.833925247E-1
1.000182738E1,9.178724289E-1,5.032950640E-2,2.206974030E-1
1.001403893E1,1.064707160E0,5.345118046E-2,2.560691833E-1
1.003168648E1,1.077344775E0,5.169147253E-2,2.590999603E-1
1.005165748E1,1.028643370E0,5.659401417E-2,1.899032593E-1
1.006179948E1,1.173591614E0,6.225949526E-2,1.339244843E-1
1.007209448E1,1.245226145E0,5.985665321E-2,1.724872589E-1
1.009214548E1,1.394258142E0,6.437438726E-2,1.790485382E-1
1.011163148E1,1.308403730E0,7.550942898E-2,9.301376343E-2
1.012168848E1,1.259040833E0,7.947260141E-2,1.981258392E-2
1.013170548E1,1.252930880E0,7.467937469E-2,-8.535385132E-4
1.014258948E1,1.244745016E0,7.421159744E-2,1.112651825E-2
1.016190348E1,1.219925880E0,6.945830584E-2,-3.882312775E-2
1.018167848E1,1.196308970E0,6.700599194E-2,-1.261720657E-1
1.020178848E1,1.161209106E0,7.378154993E-2,-1.510334015E-1
1.022160548E1,1.108531594E0,6.536602974E-2,-1.198425293E-1
1.023197748E1,1.075335503E0,6.190627813E-2,-1.742420197E-1
1.024232548E1,1.032144666E0,6.361371279E-2,-2.219820023E-1
1.026186448E1,9.519909620E-1,4.262214899E-2,-2.154436111E-1
1.028165348E1,8.493899703E-1,4.943823814E-2,-1.384820938E-1
1.029193948E1,7.925416231E-1,3.800159693E-2,-1.624031067E-1
1.030220648E1,7.318898439E-1,2.913600206E-2,-1.525335312E-1
1.032162848E1,6.141803861E-1,2.386575937E-2,-1.922979355E-1
1.033163348E1,5.542092919E-1,3.001433611E-2,-1.956291199E-1
1.035174348E1,4.207170010E-1,1.150298119E-2,-1.106052399E-1
1.037158348E1,2.763808966E-1,3.992378712E-3,-5.399608612E-2
1.039188548E1,1.552590728E-1,-1.180785894E-2,-1.069002151E-1
1.041170848E1,1.303350925E-2,-2.015292645E-2,-8.604907990E-2
1.042171248E1,-6.278133392E-2,-2.473044395E-2,-4.974651337E-2
1.043181848E1,-1.369444132E-1,-2.756416798E-2,-2.461433411E-3
1.045172248E1,-3.507819772E-1,-3.638023138E-2,-3.002262115E-2
1.046221348E1,-4.318830371E-1,-3.341275454E-2,-7.761287689E-2
1.048167948E1,-5.946940780E-1,-4.793149233E-2,-1.359367371E-2
1.049172648E1,-6.842750907E-1,-5.319082737E-2,-2.522277832E-2
1.051166448E1,-8.492511511E-1,-5.860894918E-2,-2.081012726E-2
1.052178048E1,-8.340776563E-1,-4.736161232E-2,-5.575656891E-2
1.054159348E1,-8.350542784E-1,-4.696220160E-2,-8.554172516E-2
1.056179648E1,-8.193082809E-1,-2.402985096E-2,-1.002130508E-1
1.058159648E1,-8.128070831E-1,-3.144681454E-2,-1.235265732E-1
1.059182948E1,-7.925341129E-1,-2.181732655E-2,-1.376552582E-1
1.061162148E1,-7.966313362E-1,-1.564174891E-2,-1.793537140E-1
1.063167648E1,-8.140381575E-1,-9.788393974E-3,-2.247295380E-1
1.064215648E1,-8.492901325E-1,-3.293573856E-3,-2.872943878E-1
1.066166748E1,-8.561724424E-1,-2.152681351E-3,-3.015079498E-1
1.067183248E1,-8.490393162E-1,-4.603564739E-3,-3.254661560E-1
1.069174448E1,-8.134720325E-1,1.523435116E-2,-3.620233536E-1
1.070193748E1,-8.147073984E-1,1.631850004E-2,-3.870563507E-1
1.072175948E1,-7.843199968E-1,1.647168398E-2,-3.364171982E-1
1.073288648E1,-7.432724237E-1,2.621668577E-2,-3.570175171E-1
1.075212048E1,-6.786811352E-1,2.996474504E-2,-3.856353760E-1
1.077183948E1,-6.158349514E-1,3.123509884E-2,-3.867712021E-1
1.078190048E1,-5.884246826E-1,3.599852324E-2,-3.584671021E-1
1.080171148E1,-5.091433525E-1,3.276568651E-2,-2.939329147E-1
1.082163548E1,-4.198563099E-1,3.352087736E-2,-2.891483307E-1
1.083175948E1,-3.424973488E-1,2.915728092E-2,-2.479391098E-1
1.084183248E1,-2.952902317E-1,3.045368195E-2,-2.094297409E-1
1.086165848E1,-1.958372593E-1,2.300518751E-2,-1.230840683E-1
1.088162548E1,-9.522247314E-2,3.219646215E-2,-9.436225891E-2
1.089216948E1,-4.488921165E-2,3.464663029E-2,-5.875015259E-2
1.091160748E1,7.567191124E-2,2.970749140E-2,-1.992225647E-3
1.092164748E1,1.335551739E-1,1.867759228E-2,2.713584900E-2
1.094158448E1,2.557208538E-1,3.056883812E-2,6.629085541E-2
1.095163148E1,3.151545525E-1,3.543603420E-2,7.808494568E-2
1.097209448E1,4.171476364E-1,3.178125620E-2,1.719741821E-1
1.099160848E1,5.310822725E-1,2.508538961E-2,2.010040283E-1
1.100167648E1,5.980412960E-1,3.029447794E-2,1.956319809E-1
1.101168448E1,6.131987572E-1,2.827203274E-2,1.691484451E-1
1.103167448E1,8.522167206E-1,5.008220673E-2,2.385072708E-1
1.105213348E1,1.014437318E0,4.896485806E-2,2.469196320E-1
1.107210548E1,9.811086655E-1,5.409532785E-2,1.674766541E-1
1.109170248E1,9.372606277E-1,4.417812824E-2,9.130287170E-2
1.110172948E1,9.063261747E-1,3.937125206E-2,9.612464905E-2
1.111244948E1,8.681178689E-1,3.496378660E-2,7.477474213E-2
1.113170048E1,8.341277242E-1,4.559105635E-2,2.555656433E-2
1.114234248E1,8.071593046E-1,4.566496611E-2,-4.599571228E-3
1.116163048E1,8.478899598E-1,5.189239979E-2,-7.335948944E-2
1.118161848E1,8.669098616E-1,4.851514101E-2,-9.245967865E-2
1.119174048E1,8.779204488E-1,3.984028101E-2,-1.043376923E-1
1.121169948E1,9.047141075E-1,4.801976681E-2,-1.922445297E-1
1.122299548E1,8.862596750E-1,5.502766371E-2,-2.302541733E-1
1.124179348E1,8.640431166E-1,4.296725988E-2,-1.602630615E-1
1.125186348E1,8.465113640E-1,4.757338762E-2,-1.704797745E-1
1.127192848E1,7.976837158E-1,4.546791315E-2,-2.141284943E-1
1.129166548E1,7.211923599E-1,3.957027197E-2,-2.636919022E-1
1.130185448E1,6.803142428E-1,2.873587608E-2,-2.167329788E-1
1.132160248E1,5.954264402E-1,2.621287107E-2,-1.750478745E-1
1.133167948E1,5.472953320E-1,1.470029354E-2,-1.862144470E-1
1.134223648E1,4.919757247E-1,2.200740576E-2,-1.805706024E-1
1.136158948E1,3.879975080E-1,1.865917444E-2,-2.206630707E-1
1.137179648E1,3.294625282E-1,6.652295589E-3,-1.770467758E-1
1.139190548E1,1.749430299E-1,-1.621627808E-2,-7.896614075E-2
1.140251848E1,1.100279689E-1,-7.418990135E-3,-9.532546997E-2
1.142176848E1,-1.635092497E-2,-2.798581123E-2,-1.087560654E-1
1.143285548E1,-8.321166039E-2,-3.055161238E-2,-7.103157043E-2
1.145169548E1,-2.238199115E-1,-3.054606915E-2,-3.909683228E-2
1.146179648E1,-2.883349657E-1,-4.290205240E-2,-1.115036011E-2
1.147201948E1,-3.409394026E-1,-4.046547413E-2,-1.518535614E-2
1.148292548E1,-4.016597867E-1,-4.604393244E-2,-2.113342285E-2
1.150164948E1,-5.175871253E-1,-4.874950647E-2,-3.292179108E-2
1.152167748E1,-5.745585561E-1,-4.680466652E-2,-1.528930664E-2
1.153192848E1,-6.595832705E-1,-3.598129749E-2,-2.221012115E-2
1.155163148E1,-7.463190556E-1,-4.759907722E-2,-5.003547668E-2
1.156231148E1,-7.423530817E-1,-3.515100479E-2,-6.497669220E-2
1.158162548E1,-7.642234564E-1,-3.601378202E-2,-7.922744751E-2
1.159212248E1,-8.969677687E-1,-4.393762350E-2,-1.209354401E-1
1.161194248E1,-1.030037522E0,-3.553187847E-2,-1.742706299E-1
1.163176748E1,-1.023177624E0,-1.773154736E-2,-2.441844940E-1
1.164219648E1,-9.833234549E-1,-1.664167643E-2,-2.609930038E-1
1.166165148E1,-9.867783785E-1,-1.158750057E-2,-2.619209290E-1
1.168165648E1,-9.742121696E-1,2.116799355E-3,-3.012666702E-1
1.169165748E1,-9.634361267E-1,8.939206600E-3,-3.239107132E-1
1.170166048E1,-9.461511374E-1,9.704113007E-3,-3.694229126E-1
1.172162348E1,-9.257473946E-1,1.608800888E-2,-3.811616898E-1
1.173229148E1,-9.055292606E-1,1.359832287E-2,-3.694000244E-1
1.175166648E1,-8.565995693E-1,2.121329308E-2,-3.761692047E-1
1.177258248E1,-7.942038774E-1,3.274583817E-2,-4.072980881E-1
1.179162648E1,-7.275693417E-1,3.602272272E-2,-4.009370804E-1
1.181172848E1,-6.492552757E-1,3.609222174E-2,-3.557567596E-1
1.182179348E1,-6.079728603E-1,2.181380987E-2,-3.283767700E-1
1.183207148E1,-5.714490414E-1,3.617638350E-2,-2.937946320E-1
1.185183748E1,-4.535634518E-1,3.826659918E-2,-2.644958496E-1
1.187159848E1,-3.421907425E-1,3.516221046E-2,-2.330675125E-1
1.188178148E1,-2.963294983E-1,3.379690647E-2,-2.075910568E-1
1.189184848E1,-2.408509254E-1,2.544087172E-2,-1.568326950E-1
1.191178148E1,-1.499242783E-1,3.236085176E-2,-6.895637512E-2
1.193163048E1,-4.149580002E-2,2.781009674E-2,-3.505802155E-2
1.194179548E1,2.801418304E-2,3.128206730E-2,-2.341651917E-2
1.196163648E1,1.555054188E-1,3.625655174E-2,3.138446808E-2
1.197173048E1,2.878472805E-1,3.298068047E-2,1.009941101E-1
1.198175148E1,3.532581329E-1,3.456997871E-2,1.634683609E-1
1.200166848E1,5.116549730E-1,3.190720081E-2,1.666831970E-1
1.202162148E1,6.192493439E-1,3.206205368E-2,1.602373123E-1
1.203166248E1,7.076904774E-1,3.894197941E-2,1.644725800E-1
1.204181748E1,7.853518724E-1,4.612886906E-2,2.070560455E-1
1.205192748E1,7.836779356E-1,4.199337959E-2,2.643470764E-1
1.206207548E1,7.918207645E-1,3.517395258E-2,2.620534897E-1
1.208168148E1,8.008009195E-1,3.250271082E-2,1.774892807E-1
1.210169048E1,7.880014181E-1,4.847568274E-2,9.642982483E-2
1.212176648E1,7.718992233E-1,3.139621019E-2,1.187038422E-1
1.213181848E1,7.656840086E-1,4.167795181E-2,9.186553955E-2
1.215191648E1,7.478271723E-1,3.666287661E-2,3.107166290E-2
1.217161748E1,9.264140129E-1,5.450242758E-2,-3.354454041E-2
1.218163248E1,9.426637292E-1,4.860615730E-2,-3.688049316E-2
1.219177148E1,9.440369010E-1,4.786080122E-2,-7.707405090E-2
1.221158648E1,9.631567597E-1,5.621737242E-2,-7.318687439E-2
1.222191848E1,9.488682151E-1,4.508370161E-2,-6.212043762E-2
1.224167048E1,9.505020380E-1,4.740667343E-2,-1.477279663E-1
1.225177848E1,9.395098686E-1,5.680912733E-2,-1.728982925E-1
1.227161048E1,9.069139361E-1,4.187738895E-2,-2.315721512E-1
1.228173448E1,8.865789771E-1,4.574918747E-2,-2.119140625E-1
1.230164748E1,8.284269571E-1,3.344267607E-2,-1.654863358E-1
1.232164548E1,7.649873495E-1,3.397864103E-2,-2.316179276E-1
1.233181848E1,7.216321826E-1,3.610903025E-2,-2.339019775E-1
1.235177348E1,6.047275066E-1,1.135772467E-2,-1.373519897E-1
1.237159448E1,5.061152577E-1,1.329714060E-2,-1.790285110E-1
1.238182448E1,4.560901523E-1,8.134365082E-3,-1.934413910E-1
1.239217048E1,3.897232413E-1,7.820308208E-3,-1.920661926E-1
1.241220648E1,2.719731331E-1,-2.544403076E-3,-1.153106689E-1
1.243161948E1,1.458675861E-1,-2.677774429E-2,-5.292224884E-2
1.245158748E1,1.467913389E-2,-2.852845192E-2,-3.065395355E-2
1.246174548E1,-3.540980816E-2,-2.326434851E-2,-1.008462906E-1
1.247210848E1,-1.156548858E-1,-3.766250610E-2,-5.466651917E-2
1.249180248E1,-2.500495315E-1,-4.787588120E-2,-5.472087860E-2
1.250189648E1,-3.045111895E-1,-4.728007317E-2,-6.126213074E-2
1.251217048E1,-3.602707982E-1,-4.061317444E-2,-6.377410889E-2
1.253188648E1,-4.839176536E-1,-5.014878511E-2,-2.034187317E-2
1.254302648E1,-6.437338591E-1,-4.912042618E-2,-1.518344879E-2
1.256172048E1,-7.911697626E-1,-5.401319265E-2,-4.911518097E-2
1.258179348E1,-8.557160497E-1,-4.154026508E-2,-1.207790375E-1
1.259274748E1,-8.551032543E-1,-4.676455259E-2,-7.581996918E-2
1.261213948E1,-9.128128290E-1,-3.973698616E-2,-9.901905060E-2
1.263165948E1,-8.706245422E-1,-2.859169245E-2,-1.349439621E-1
1.264171348E1,-8.349318504E-1,-2.155333757E-2,-1.699733734E-1
1.266160748E1,-7.860225439E-1,-7.184743881E-3,-1.958351135E-1
1.268160248E1,-8.294329643E-1,-9.440064430E-3,-1.888113022E-1
1.269168048E1,-8.256808519E-1,4.467666149E-3,-2.411575317E-1
1.271196548E1,-8.244650364E-1,2.773880959E-3,-2.543535233E-1
1.273181848E1,-8.478587866E-1,8.630871773E-3,-3.381052017E-1
1.274220548E1,-8.270814419E-1,1.944524050E-2,-3.345623016E-1
1.276217548E1,-8.036522865E-1,2.201652527E-2,-3.601608276E-1
1.278170848E1,-7.597993612E-1,3.762608767E-2,-3.728618622E-1
1.280167048E1,-7.080590725E-1,4.348540306E-2,-3.918638229E-1
1.281178448E1,-6.895112991E-1,3.091746569E-2,-3.500089645E-1
1.283214248E1,-6.125600338E-1,3.560042381E-2,-3.347110748E-1
1.285301448E1,-5.281717777E-1,3.682488203E-2,-3.224420547E-1
1.287171148E1,-4.367067814E-1,3.793847561E-2,-3.030967712E-1
1.289167248E1,-3.609330654E-1,3.565984964E-2,-2.154541016E-1
1.290283448E1,-3.010172844E-1,3.861856461E-2,-1.861228943E-1
1.292165048E1,-1.638484001E-1,4.424208403E-2,-1.305360794E-1
1.293170648E1,-1.081018448E-1,3.953003883E-2,-1.139507294E-1
1.294194348E1,-6.271815300E-2,3.961008787E-2,-8.198356628E-2
1.296165448E1,4.699921608E-2,3.711706400E-2,1.968383789E-3
1.297184848E1,1.030158997E-1,4.240483046E-2,1.681518555E-2
1.299182048E1,2.336471081E-1,3.327286243E-2,6.730270386E-2
1.301170148E1,3.461778164E-1,2.618902922E-2,1.054821014E-1
1.302198348E1,3.971505165E-1,2.870005369E-2,1.666631699E-1
1.304162848E1,5.138376951E-1,2.355170250E-2,1.608266830E-1
1.305195648E1,5.603492260E-1,3.902369738E-2,1.673841476E-1
1.307190448E1,6.056600809E-1,3.779017925E-2,1.797342300E-1
1.308215948E1,6.250261068E-1,2.436000109E-2,1.601066589E-1
1.310171048E1,6.591506004E-1,2.682447433E-2,1.949729919E-1
1.312180848E1,8.934586048E-1,4.540061951E-2,1.154336929E-1
1.313194848E1,9.565705061E-1,3.702270985E-2,1.576766968E-1
1.315180648E1,1.002669573E0,3.594702482E-2,1.989545822E-1
1.317166248E1,9.529162049E-1,4.716682434E-2,3.326511383E-2
1.319166048E1,9.442939162E-1,4.570597410E-2,3.364849091E-2
1.321217048E1,9.715014100E-1,4.864597321E-2,-3.433227539E-3
1.323172048E1,9.751802683E-1,4.904854298E-2,-5.944156647E-2
1.325189248E1,9.846137166E-1,4.753637314E-2,-1.111793518E-1
1.326203548E1,9.738614559E-1,4.643118382E-2,-9.171581268E-2
1.327205248E1,9.710606337E-1,3.875440359E-2,-1.208610535E-1
1.329169748E1,9.494380951E-1,5.155932903E-2,-1.792259216E-1
1.330228448E1,9.402186275E-1,4.715788364E-2,-1.961364746E-1
1.332163648E1,8.863226175E-1,3.691595793E-2,-1.298618317E-1
1.333178148E1,8.440722823E-1,3.845643997E-2,-1.619129181E-1
1.335179048E1,7.810102105E-1,3.218883276E-2,-2.243900299E-1
1.337193248E1,6.787518263E-1,3.141164780E-2,-2.156610489E-1
1.339163248E1,5.794384480E-1,1.198422909E-2,-1.454477310E-1
1.341176048E1,4.788393378E-1,2.489507198E-3,-1.618976593E-1
1.343186348E1,3.566964269E-1,2.365291119E-3,-1.700811386E-1
1.345204548E1,2.325229645E-1,-1.518017054E-2,-1.312379837E-1
1.347164348E1,1.016072631E-1,-1.472663879E-2,-6.019592285E-2
1.348197548E1,4.626607895E-2,-2.768892050E-2,-4.188823700E-2
1.350208048E1,-1.504957080E-1,-4.923838377E-2,-6.032562256E-2
1.352166548E1,-2.918165922E-1,-5.268400908E-2,-5.495548248E-2
1.353169248E1,-3.674395680E-1,-5.471873283E-2,6.974220276E-3
1.354194348E1,-4.223225713E-1,-6.073290110E-2,8.170127869E-3
1.356161148E1,-5.474707484E-1,-4.818314314E-2,3.245830536E-2
1.357181648E1,-6.003462076E-1,-6.064432859E-2,1.874446869E-2
1.359184148E1,-6.438640356E-1,-4.782277346E-2,-7.092571259E-2
1.361176848E1,-6.746802330E-1,-3.445440531E-2,-5.979728699E-2
1.363180648E1,-7.025042772E-1,-4.214763641E-2,-2.092456818E-2
1.364186348E1,-7.038296461E-1,-1.462250948E-2,-4.635906219E-2
1.365202748E1,-6.882792711E-1,-2.400678396E-2,-1.229734421E-1
1.367201048E1,-6.789549589E-1,-1.508229971E-2,-1.291589737E-1
1.368206948E1,-8.100595474E-1,-1.412177086E-2,-1.590070724E-1
1.369210948E1,-8.659597635E-1,-1.519864798E-2,-1.732864380E-1
1.371165048E1,-8.634905815E-1,8.318424225E-3,-2.615098953E-1
1.372165348E1,-8.182289600E-1,1.321119070E-2,-3.048400879E-1
1.374162348E1,-8.242943287E-1,1.808601618E-2,-3.168954849E-1
1.375195948E1,-8.397388458E-1,1.054227352E-2,-2.763957977E-1
1.376221048E1,-8.399527073E-1,1.759803295E-2,-2.234668732E-1
1.377222948E1,-8.296116590E-1,2.245908976E-2,-2.713937759E-1
1.379175448E1,-7.571712732E-1,3.762674332E-2,-4.423980713E-1
1.381180748E1,-7.655379772E-1,4.414713383E-2,-4.218177795E-1
1.382206948E1,-7.624974251E-1,3.337574005E-2,-2.787618637E-1
1.384171848E1,-8.017421961E-1,3.389191628E-2,-2.296857834E-1
1.385173648E1,-7.264909744E-1,4.714965820E-2,-3.530731201E-1
1.387169948E1,-6.633286476E-1,6.319594383E-2,-4.769506454E-1
1.388174248E1,-6.471970081E-1,5.101567507E-2,-3.418855667E-1
1.390167548E1,-5.991969109E-1,4.382306337E-2,-1.876373291E-1
1.392337548E1,-4.696259499E-1,5.596667528E-2,-2.935953140E-1
1.394157048E1,-3.595440388E-1,5.461740494E-2,-2.827205658E-1
1.395175448E1,-3.022308350E-1,5.297666788E-2,-2.083616257E-1
1.397194648E1,-2.215070724E-1,4.043877125E-2,-3.011703491E-2
1.399207748E1,-9.002828598E-2,3.888016939E-2,-3.601932526E-2
1.401189548E1,4.121208191E-2,4.139757156E-2,2.533340454E-2
1.403176148E1,1.736121178E-1,3.756886721E-2,4.036331177E-2
1.405180048E1,2.881851196E-1,3.107225895E-2,1.189765930E-1
1.406193048E1,4.477220774E-1,4.764592648E-2,1.169919968E-1
1.408176348E1,5.928990841E-1,5.043995380E-2,1.964750290E-1
1.410177148E1,7.161358595E-1,3.470510244E-2,3.024911880E-1
1.412163948E1,8.249624968E-1,5.323261023E-2,1.186294556E-1
1.413227948E1,9.089463949E-1,5.800390244E-2,9.874153137E-2
1.415192648E1,1.066356897E0,6.727492809E-2,1.884193420E-1
1.417164048E1,1.093408465E0,6.488829851E-2,2.679977417E-1
1.418173848E1,1.111235380E0,5.701452494E-2,2.464170456E-1
1.420182148E1,1.164373636E0,6.908351183E-2,-8.066177368E-3
1.422266348E1,1.171419859E0,7.399654388E-2,1.874542236E-2
1.423314148E1,1.215523958E0,6.131130457E-2,1.305608749E-1
1.425192848E1,1.214720964E0,6.268090010E-2,-1.665210724E-2
1.427234048E1,1.203867197E0,7.207876444E-2,-1.215019226E-1
1.429195848E1,1.173080087E0,5.509316921E-2,-7.638263702E-2
1.431176548E1,1.137046337E0,5.636632442E-2,-1.353139877E-1
1.432180148E1,1.118353128E0,7.180106640E-2,-1.903676987E-1
1.433183748E1,1.092616558E0,6.619507074E-2,-2.080068588E-1
1.434219948E1,1.063866615E0,6.185692549E-2,-1.817607880E-1
1.436183848E1,9.824282527E-1,4.299759865E-2,-1.349992752E-1
1.438169648E1,9.028462768E-1,4.580920935E-2,-2.226562500E-1
1.440166648E1,8.146150112E-1,2.545517683E-2,-2.193813324E-1
1.441237348E1,7.577115297E-1,3.316909075E-2,-1.522226334E-1
1.443221948E1,6.419314146E-1,2.237504721E-2,-1.282691956E-1
1.444300148E1,5.494821072E-1,1.722234488E-2,-2.297439575E-1
1.446162948E1,4.220682979E-1,-5.449712276E-3,-1.203479767E-1
1.448164048E1,2.856663465E-1,-1.406306028E-2,-4.462337494E-2
1.449171548E1,2.144214511E-1,-1.224666834E-2,-1.154413223E-1
1.451166348E1,7.785338163E-2,-1.393419504E-2,-4.199123383E-2
1.452178948E1,2.046155930E-2,-3.294527531E-2,2.403831482E-2
1.454163848E1,-1.264837384E-1,-4.109406471E-2,-4.584026337E-2
1.455173048E1,-1.887509227E-1,-3.749686480E-2,-8.689022064E-2
1.457186748E1,-3.125578165E-1,-2.887374163E-2,-7.283687592E-2
1.459172048E1,-4.719370008E-1,-5.777639151E-2,1.030817032E-1
1.460185748E1,-5.514423251E-1,-4.824501276E-2,6.739330292E-2
1.462163648E1,-6.022382975E-1,-1.965051889E-2,-8.895778656E-2
1.463191248E1,-7.361739874E-1,-3.044575453E-2,-1.665439606E-1
1.465171648E1,-9.142144918E-1,-5.274462700E-2,-5.086708069E-2
1.466181648E1,-9.970455170E-1,-4.155421257E-2,-4.200839996E-2
1.468161148E1,-1.035467386E0,-3.141957521E-2,-7.484436035E-2
1.469185948E1,-9.849188328E-1,-2.486705780E-2,-1.706676483E-1
1.471164748E1,-1.085846305E0,-2.252340317E-3,-3.397741318E-1
1.472176048E1,-1.155893207E0,-1.423412561E-2,-3.117132187E-1
1.474232148E1,-1.176913500E0,-9.508550167E-3,-1.841783524E-1
1.476169848E1,-1.138526917E0,-5.022943020E-3,-2.721948624E-1
1.477183448E1,-1.106379271E0,1.634263992E-2,-3.863210678E-1
1.479174048E1,-1.166751504E0,4.271298647E-2,-4.567861557E-1
1.480191548E1,-1.160118580E0,1.530408859E-2,-4.035854340E-1
1.482164148E1,-1.124932170E0,2.544641495E-2,-3.268938065E-1
1.483170848E1,-1.069155812E0,4.150992632E-2,-4.799375534E-1
1.485159948E1,-1.020452499E0,4.455226660E-2,-4.277811050E-1
1.486166248E1,-9.785780907E-1,4.100519419E-2,-3.752079010E-1
1.487174648E1,-9.428538084E-1,3.229790926E-2,-3.511810303E-1
1.489174448E1,-8.209538460E-1,4.880905151E-2,-4.330482483E-1
1.490183048E1,-7.603898048E-1,5.410528183E-2,-4.706439972E-1
1.491210248E1,-7.116063833E-1,5.413299799E-2,-4.302949905E-1
1.493157648E1,-6.513947248E-1,3.894889355E-2,-2.181749344E-1
1.494180648E1,-6.225979328E-1,2.521365881E-2,-1.934690475E-1
1.495184148E1,-5.429720879E-1,3.052163124E-2,-2.395858765E-1
1.497167548E1,-3.736846447E-1,4.207962751E-2,-3.694858551E-1
1.499180648E1,-3.052191734E-1,3.015542030E-2,-1.068325043E-1
1.500187048E1,-2.808492184E-1,1.964145899E-2,-3.450679779E-2
1.502339048E1,-7.790970802E-2,4.639369249E-2,-1.061172485E-1
1.504175848E1,3.380537033E-2,2.987241745E-2,3.321647644E-2
1.506168948E1,1.491901875E-1,2.393096685E-2,1.296052933E-1
1.508166848E1,2.864594460E-1,3.413194418E-2,1.534090042E-1
1.510179948E1,4.177057743E-1,3.932809830E-2,1.269426346E-1
1.512163448E1,5.027087927E-1,3.391659260E-2,1.160402298E-1
1.513178948E1,5.571023226E-1,4.170846939E-2,1.303501129E-1
1.514205248E1,5.704073906E-1,3.597146273E-2,1.422433853E-1
1.516168048E1,6.072438955E-1,2.255457640E-2,2.210350037E-1
1.517168348E1,6.312905550E-1,2.400571108E-2,1.588764191E-1
1.519168748E1,6.534752846E-1,3.650236130E-2,2.306175232E-2
1.521185848E1,7.886502743E-1,3.074043989E-2,1.228780746E-1
1.523160248E1,9.111557007E-1,3.690630198E-2,1.175193787E-1
1.524170348E1,9.012792706E-1,4.334056377E-2,-3.063201904E-3
1.526160148E1,9.908390045E-1,6.110656261E-2,-1.130571365E-1
1.527172748E1,1.001347542E0,5.674070120E-2,-1.207818985E-1
1.529228248E1,9.851292372E-1,4.733914137E-2,3.590583801E-2
1.531165248E1,9.930199981E-1,4.396539927E-2,-1.142730713E-1
1.532218448E1,9.927127361E-1,5.009746552E-2,-1.924543381E-1
1.534163448E1,9.752799273E-1,5.389970541E-2,-2.142963409E-1
1.536157848E1,9.229207635E-1,4.616826773E-2,-9.870624542E-2
1.537165648E1,8.949157596E-1,3.579294682E-2,-1.346130371E-1
1.538186348E1,8.775079846E-1,3.951227665E-2,-1.762647629E-1
1.539227748E1,8.409296870E-1,2.462023497E-2,-2.402000427E-1
1.541170248E1,7.749707103E-1,3.297889233E-2,-2.340135574E-1
1.543159648E1,6.848407984E-1,2.311158180E-2,-1.503849030E-1
1.544166148E1,6.259831190E-1,2.189356089E-2,-1.430015564E-1
1.545201348E1,5.645810962E-1,2.259731293E-3,-1.437435150E-1
1.547191148E1,4.573620558E-1,1.079648733E-2,-1.911125183E-1
1.548218448E1,4.054145813E-1,1.111048460E-2,-2.125873566E-1
1.550163348E1,2.801154852E-1,-1.580518484E-2,-8.820915222E-2
1.551178448E1,2.096349597E-1,-2.559232712E-2,-5.956268311E-2
1.552189948E1,1.535618305E-1,-1.886856556E-2,-9.172534943E-2
1.554235148E1,3.216952085E-2,-2.188080549E-2,-1.222839355E-1
1.556161748E1,-1.024498940E-1,-4.365235567E-2,-1.129245758E-2
1.557165348E1,-1.699085236E-1,-5.304229259E-2,-9.431838989E-4
1.558176248E1,-2.302812338E-1,-4.553353786E-2,-1.411247253E-2
1.559178248E1,-3.675594330E-1,-4.149162769E-2,-5.808734894E-2
1.561172448E1,-5.346053839E-1,-5.400198698E-2,-5.256938934E-2
1.562177048E1,-6.119611263E-1,-6.248390675E-2,5.168914795E-4
1.563182348E1,-6.373666525E-1,-5.659604073E-2,2.460765839E-2
1.565188048E1,-6.588994265E-1,-4.629540443E-2,-3.797531128E-2
1.567304448E1,-6.501914263E-1,-3.379559517E-2,-1.260166168E-1
1.569167148E1,-6.697125435E-1,-3.049421310E-2,-7.649993896E-2
1.571177948E1,-7.028932571E-1,-2.315950394E-2,-3.473949432E-2
1.573173048E1,-6.736296415E-1,2.746403217E-3,-1.351337433E-1
1.575178948E1,-7.048414946E-1,8.200824261E-3,-2.374229431E-1
1.577171548E1,-7.622530460E-1,1.363754272E-2,-1.859579086E-1
1.578190448E1,-8.155826330E-1,3.739833832E-3,-1.842060089E-1
1.580161748E1,-7.833806276E-1,4.114329815E-2,-3.655681610E-1
1.582168348E1,-8.169193268E-1,4.015797377E-2,-3.795833588E-1
1.584160448E1,-8.281749487E-1,2.630019188E-2,-2.479476929E-1
1.585161248E1,-8.051204681E-1,2.859276533E-2,-2.596302032E-1
1.587168148E1,-7.206051350E-1,5.805939436E-2,-4.313039780E-1
1.589163948E1,-6.710015535E-1,5.258208513E-2,-3.969326019E-1
1.590175948E1,-6.717042923E-1,3.657597303E-2,-3.145694733E-1
1.591209548E1,-6.535410881E-1,3.099489212E-2,-2.412347794E-1
1.593187848E1,-5.375201702E-1,4.595893621E-2,-3.447170258E-1
1.595175848E1,-4.348986149E-1,5.059343576E-2,-4.113998413E-1
1.596185548E1,-4.245221615E-1,4.310375452E-2,-1.685333252E-1
1.598175548E1,-3.590371609E-1,3.895223141E-2,-1.423702240E-1
1.599209648E1,-2.880725861E-1,6.101626158E-2,-2.297534943E-1
1.600239148E1,-2.232828140E-1,4.382133484E-2,-2.824316025E-1
1.602297248E1,-1.593773365E-1,4.374843836E-2,-8.531379700E-2
1.604168248E1,-7.457184792E-2,2.334433794E-2,5.874633789E-2
1.605170848E1,1.888275146E-3,3.807830811E-2,2.362060547E-2
1.607159748E1,1.606531143E-1,4.923707247E-2,-6.380081177E-2
1.608160348E1,2.098798752E-1,4.584723711E-2,4.062652588E-3
1.609185948E1,2.445509434E-1,2.718222141E-2,9.287643433E-2
1.610201748E1,3.030986786E-1,3.188490868E-2,2.020950317E-1
1.612171248E1,4.580463171E-1,4.015046358E-2,1.373949051E-1
1.614165848E1,5.953829288E-1,5.311453342E-2,8.296871185E-2
1.615312548E1,7.098182440E-1,4.647368193E-2,2.738590240E-1
1.617182548E1,8.852422237E-1,5.155920982E-2,2.416334152E-1
1.618231148E1,9.785524607E-1,6.486099958E-2,1.610031128E-1
1.620166448E1,1.140728474E0,6.990969181E-2,1.529922485E-1
1.621188348E1,1.086383104E0,5.786579847E-2,2.375497818E-1
1.622289948E1,1.045176625E0,5.505853891E-2,2.917451859E-1
1.624161548E1,1.009924650E0,5.387800932E-2,1.353225708E-1
1.625206148E1,1.033829689E0,6.712996960E-2,-1.335048676E-2
1.627227248E1,1.163544536E0,7.152175903E-2,2.995491028E-3
1.629164848E1,1.159686327E0,5.675423145E-2,1.495342255E-1
1.630176848E1,1.142574787E0,5.335694551E-2,1.633749008E-1
1.632162448E1,1.220988154E0,7.021182775E-2,-1.296682358E-1
1.633196348E1,1.254237175E0,7.392477989E-2,-1.558780670E-1
1.635178748E1,1.280371308E0,5.563306808E-2,2.380657196E-2
1.637202848E1,1.228386641E0,5.829071999E-2,-1.193170547E-1
1.639195948E1,1.231360197E0,7.061636448E-2,-2.025051117E-1
1.641206548E1,1.148443699E0,5.104237795E-2,-1.412181854E-1
1.643191748E1,1.048778057E0,4.012769461E-2,-7.789039612E-2
1.644218548E1,1.000982404E0,4.634338617E-2,-1.927042007E-1
1.646208648E1,9.051464796E-1,3.800624609E-2,-2.291202545E-1
1.648164448E1,7.906251550E-1,2.694219351E-2,-1.240692139E-1
1.650172448E1,6.569993496E-1,9.639501572E-3,-7.978630066E-2
1.651207748E1,5.945581198E-1,1.343083382E-2,-1.591405869E-1
1.653160248E1,4.663334489E-1,1.477932930E-2,-1.773042679E-1
1.654175548E1,3.355199695E-1,-1.005953550E-2,-2.683067322E-2
1.656165748E1,1.960565448E-1,-1.151221991E-2,-1.002788544E-2
1.657188848E1,1.305172443E-1,-1.835978031E-2,-5.792045593E-2
1.658210748E1,7.582473755E-2,-2.159494162E-2,-9.847354889E-2
1.660342448E1,-6.666386127E-2,-2.577519417E-2,-6.796264648E-2
1.662165048E1,-2.137954235E-1,-3.560084105E-2,2.581691742E-2
1.664159648E1,-3.203741312E-1,-3.974479437E-2,1.123714447E-2
1.665172348E1,-3.546628952E-1,-3.636068106E-2,-2.235031128E-2
1.667267248E1,-4.146461487E-1,-2.254801989E-2,-7.029151917E-2
1.669184148E1,-4.857640266E-1,-2.350068092E-2,-2.660369873E-2
1.671161048E1,-6.508247852E-1,-3.096026182E-2,-1.046466827E-2
1.672164248E1,-7.229200602E-1,-1.834315062E-2,-3.173542023E-2
1.674159248E1,-8.951381445E-1,-2.313196659E-3,-2.035617828E-1
1.675189348E1,-9.663900137E-1,-4.469156265E-3,-2.451276779E-1
1.676209048E1,-9.726923704E-1,1.972317696E-4,-2.348175049E-1
1.678165148E1,-1.028819203E0,-1.168686152E-2,-1.382865906E-1
1.679173848E1,-1.021978855E0,8.009612560E-3,-1.903724670E-1
1.680178848E1,-1.004507184E0,1.074743271E-2,-2.881135941E-1
1.681203848E1,-9.775408506E-1,1.914191246E-2,-3.611001968E-1
1.683167348E1,-1.011609554E0,3.855550289E-2,-3.867340088E-1
1.684170248E1,-1.021685481E0,3.178071976E-2,-3.521814346E-1
1.686186548E1,-1.002119184E0,2.898746729E-2,-2.777357101E-1
1.688170748E1,-9.208571911E-1,5.117332935E-2,-4.351234436E-1
1.689227348E1,-8.938678503E-1,4.836082458E-2,-4.533615112E-1
1.691178448E1,-8.605988026E-1,3.546410799E-2,-3.506593704E-1
1.693176648E1,-7.803490162E-1,5.114048719E-2,-3.789463043E-1
1.695161548E1,-6.855660677E-1,5.773121119E-2,-4.432010651E-1
1.697183448E1,-6.370859146E-1,3.238326311E-2,-2.231903076E-1
1.699177648E1,-5.213475227E-1,4.106634855E-2,-2.919836044E-1
1.701173948E1,-3.804118633E-1,5.574584007E-2,-3.656835556E-1
1.702183448E1,-3.388001919E-1,5.762892962E-2,-2.888784409E-1
1.704172348E1,-2.899231911E-1,2.436685562E-2,6.374359131E-3
1.706233148E1,-1.766958237E-1,2.833837271E-2,-8.711528778E-2
1.708172048E1,-3.505682945E-2,4.944628477E-2,-1.490230560E-1
1.710168748E1,5.955195427E-2,3.831976652E-2,5.609035492E-2
1.711175848E1,1.784923077E-1,4.331421852E-2,1.372909546E-1
1.713178948E1,3.631837368E-1,5.308973789E-2,2.482318878E-2
1.714185048E1,4.354807138E-1,5.276876688E-2,5.723571777E-2
1.715222648E1,4.745856524E-1,4.166913033E-2,1.218214035E-1
1.717166848E1,5.746436119E-1,3.738397360E-2,3.099908829E-1
1.719172748E1,6.708393097E-1,5.421179533E-2,1.268062592E-1
1.721159748E1,8.392826319E-1,6.367999315E-2,1.118268967E-1
1.722161648E1,8.497408628E-1,5.502986908E-2,2.089586258E-1
1.724182948E1,8.757584095E-1,4.008162022E-2,2.834110260E-1
1.725206748E1,9.148873091E-1,5.484539270E-2,1.807212830E-1
1.727185848E1,9.898327589E-1,6.461066008E-2,-6.908893585E-2
1.729162648E1,1.059834719E0,5.495715141E-2,9.113407135E-2
1.730178348E1,1.149199843E0,4.897105694E-2,2.656507492E-1
1.732188948E1,1.287808061E0,7.850933075E-2,-2.613544464E-2
1.733198948E1,1.360902786E0,8.797329664E-2,-1.883783340E-1
1.735163948E1,1.432934165E0,8.721339703E-2,1.274681091E-2
1.736196548E1,1.467063665E0,5.901741982E-2,1.975946426E-1
1.738206548E1,1.525313377E0,7.596522570E-2,9.481334686E-2
1.740187348E1,1.594044447E0,1.046019197E-1,-2.686643600E-1
1.742194748E1,1.615987062E0,8.169418573E-2,-6.628036499E-2
1.744165948E1,1.625702858E0,4.648911953E-2,1.583452225E-1
1.746166248E1,1.633841038E0,7.685106993E-2,-1.376171112E-1
1.748161248E1,1.605678320E0,7.695072889E-2,-2.281303406E-1
1.749233148E1,1.557687044E0,3.615403175E-2,1.590976715E-1
1.751162248E1,1.503762245E0,2.646034956E-2,1.058893204E-1
1.752165148E1,1.493419886E0,4.146105051E-2,-9.739398956E-2
1.753177948E1,1.455852985E0,4.857778549E-2,-2.301979065E-1
1.755203348E1,1.351922989E0,1.383268833E-2,1.296329498E-2
1.757180148E1,1.216213226E0,-2.842056751E-2,3.810806274E-1
1.759174148E1,1.135382533E0,-3.413736820E-3,2.403736115E-2
1.760215148E1,1.080724001E0,-1.655697823E-3,-1.935539246E-1
1.762166048E1,9.171895981E-1,-2.395373583E-2,1.914215088E-2
1.763170248E1,8.325724602E-1,-4.574209452E-2,2.747068405E-1
1.765188348E1,6.729072332E-1,-5.974709988E-2,3.137807846E-1
1.767196348E1,5.789630413E-1,-2.968174219E-2,-1.093692780E-1
1.768215448E1,4.023991823E-1,-5.617672205E-2,8.246707916E-2
1.770160148E1,2.084150314E-1,-6.978112459E-2,3.249883652E-1
1.771163048E1,1.533557177E-1,-8.547312021E-2,1.828498840E-1
1.773160848E1,5.817365646E-2,-2.503973246E-2,-1.912164688E-1
1.774209648E1,-3.553807735E-2,-3.803139925E-2,-1.523561478E-1
1.776164248E1,-2.473745346E-1,-6.218910217E-2,1.655979156E-1
1.777201448E1,-3.094718456E-1,-6.039625406E-2,1.021203995E-1
1.779160648E1,-3.739101887E-1,-3.437328339E-2,-2.225036621E-1
1.780168348E1,-4.381496906E-1,-2.262330055E-2,-2.214555740E-1
1.781169148E1,-5.163347721E-1,-3.152656555E-2,-1.545019150E-1
1.783162048E1,-6.004358530E-1,-2.860611677E-2,-6.500816345E-2
1.784162348E1,-5.972580910E-1,-7.722139359E-3,-1.571884155E-1
1.785180448E1,-5.761511326E-1,5.693733692E-3,-3.060598373E-1
1.786196348E1,-5.977703333E-1,2.435129881E-2,-4.124565125E-1
1.788189448E1,-7.251909971E-1,-3.962099552E-3,-2.188863754E-1
1.790187048E1,-7.045844793E-1,-3.227233887E-3,-1.707639694E-1
1.792161348E1,-6.443834305E-1,3.089582920E-2,-4.631261826E-1
1.793172148E1,-6.375882626E-1,4.194396734E-2,-5.231866837E-1
1.794212848E1,-6.515719891E-1,4.259163141E-2,-4.589042664E-1
1.796286148E1,-6.589610577E-1,2.972459793E-2,-2.607116699E-1
1.798165048E1,-6.481506824E-1,2.473938465E-2,-1.931123734E-1
1.799174448E1,-5.558214188E-1,3.539121151E-2,-3.424644470E-1
1.801165648E1,-4.887394905E-1,5.712050200E-2,-4.483900070E-1
1.802206348E1,-4.951994419E-1,4.211741686E-2,-3.192462921E-1
1.804192648E1,-4.933972359E-1,2.227687836E-2,-9.297752380E-2
1.806166948E1,-3.092441559E-1,5.384272337E-2,-3.075027466E-1
1.807171548E1,-2.555458546E-1,6.012916565E-2,-3.110017776E-1
1.809165848E1,-2.170310020E-1,2.305823565E-2,-2.314758301E-2
1.810206248E1,-1.674911976E-1,3.052359819E-2,3.989410400E-2
1.812171748E1,-2.098965645E-2,3.785651922E-2,1.181602478E-2
1.814166148E1,1.352322102E-1,5.239921808E-2,-4.288101196E-2
1.816160948E1,2.255170345E-1,3.199458122E-2,1.536340714E-1
1.818163848E1,3.705664873E-1,3.918266296E-2,1.161231995E-1
1.819181848E1,4.020097256E-1,4.689252377E-2,7.933902740E-2
1.821169248E1,5.032109022E-1,3.414618969E-2,1.240158081E-1
1.822347148E1,6.158282757E-1,3.485614061E-2,2.872610092E-1
1.824176648E1,6.660928726E-1,3.310066462E-2,1.819820404E-1
1.825182948E1,8.215297461E-1,4.401528835E-2,7.822132111E-2
1.827199648E1,9.675903320E-1,5.027490854E-2,1.426687241E-1
1.829158348E1,1.014194608E0,3.687548637E-2,2.440633774E-1
1.830175648E1,1.024810314E0,4.412686825E-2,1.559247971E-1
1.831282148E1,1.047010899E0,5.662417412E-2,8.076953888E-2
1.833163048E1,1.096010685E0,6.682747602E-2,-4.731845856E-2
1.834164548E1,1.101181269E0,5.546909571E-2,4.937171936E-3
1.835193148E1,1.086308122E0,5.352652073E-2,7.062053680E-2
1.837157748E1,1.097968578E0,5.613678694E-2,2.167415619E-2
1.838170048E1,1.097230196E0,5.683410168E-2,-5.826091766E-2
1.839181848E1,1.090348721E0,5.975449085E-2,-1.336584091E-1
1.841203048E1,1.074389219E0,4.902595282E-2,-1.206474304E-1
1.843168048E1,1.055282950E0,4.382836819E-2,-1.065568924E-1
1.844176848E1,1.043491483E0,4.633539915E-2,-1.339616776E-1
1.846160148E1,9.942800403E-1,4.828393459E-2,-2.086868286E-1
1.847278948E1,9.470716119E-1,3.189402819E-2,-1.795082092E-1
1.849166848E1,8.687475920E-1,2.528482676E-2,-1.528577805E-1
1.850171248E1,8.262245655E-1,3.388023376E-2,-2.181072235E-1
1.852174248E1,7.371494770E-1,1.365721226E-2,-2.020263672E-1
1.853222948E1,6.864173412E-1,1.261746883E-2,-1.974544525E-1
1.855187748E1,5.576294661E-1,-1.068282127E-2,-4.312229156E-2
1.857182548E1,4.491271377E-1,-3.154397011E-3,-2.115631104E-1
1.859286648E1,3.145462275E-1,-1.213943958E-2,-1.121482849E-1
1.861162948E1,1.975305676E-1,-1.679718494E-2,-1.291551590E-1
1.862163448E1,1.246215105E-1,-3.369289637E-2,-1.411914825E-2
1.863175248E1,6.416320801E-3,-3.419959545E-2,-1.733970642E-2
1.864215348E1,-5.313748121E-2,-4.142481089E-2,-5.882740021E-2
1.866192148E1,-1.819065809E-1,-2.917015553E-2,-1.423873901E-1
1.867203348E1,-2.537409067E-1,-4.483979940E-2,-6.544303894E-2
1.869166948E1,-4.133229852E-1,-5.439406633E-2,1.102571487E-1
1.871165048E1,-4.864717722E-1,-3.266513348E-2,-9.773540497E-2
1.872182848E1,-5.026590824E-1,-2.077150345E-2,-1.250782013E-1
1.873188548E1,-5.283679962E-1,-2.964735031E-2,-1.073379517E-1
1.875178748E1,-6.572159529E-1,-3.296214342E-2,5.685234070E-2
1.876183948E1,-7.239366770E-1,-3.403538465E-2,4.989814758E-2
1.878172448E1,-7.673882246E-1,-1.354819536E-2,-1.880016327E-1
1.880168748E1,-8.799693584E-1,-1.858949661E-3,-1.769418716E-1
1.882196248E1,-1.037058592E0,-1.348948479E-2,-9.853839874E-2
1.884163848E1,-1.065168500E0,1.714879274E-2,-3.354148865E-1
1.885170848E1,-1.109116316E0,9.665369987E-3,-3.420724869E-1
1.886182448E1,-1.160158634E0,1.761513948E-2,-3.523120880E-1
1.888165948E1,-1.163796067E0,2.428597212E-2,-2.489767075E-1
1.889173148E1,-1.138602972E0,2.969485521E-2,-2.565670013E-1
1.890189848E1,-1.097665787E0,3.316318989E-2,-3.544549942E-1
1.892169748E1,-1.089469910E0,4.517334700E-2,-4.632787704E-1
1.893174248E1,-1.069760919E0,5.038827658E-2,-4.081544876E-1
1.895182848E1,-1.040989041E0,4.272091389E-2,-3.380031586E-1
1.897158048E1,-9.465063810E-1,5.036753416E-2,-4.149217606E-1
1.898170848E1,-8.860614300E-1,5.388838053E-2,-4.848184586E-1
1.899348148E1,-8.415371180E-1,5.775374174E-2,-4.891614914E-1
1.901172648E1,-7.941757441E-1,5.124789476E-2,-3.258504868E-1
