"Time (s)","Linear Acceleration x (m/s^2)","Linear Acceleration y (m/s^2)","Linear Acceleration z (m/s^2)","Absolute acceleration (m/s^2)"
5.179806700E-2,0.000000000E0,0.000000000E0,-0.000000000E0,0.000000000E0
6.180783200E-2,0.000000000E0,0.000000000E0,-0.000000000E0,0.000000000E0
7.187863300E-2,0.000000000E0,0.000000000E0,-0.000000000E0,0.000000000E0
8.277340800E-2,0.000000000E0,0.000000000E0,-0.000000000E0,0.000000000E0
9.202023500E-2,4.486083984E-3,-3.593444824E-3,-3.142547607E-2,3.194680487E-2
1.021215530E-1,4.486083984E-3,-3.593444824E-3,-3.142547607E-2,3.194680487E-2
1.121618360E-1,-4.191100597E-3,-1.195281744E-3,3.132629395E-2,3.162800523E-2
1.222326370E-1,-1.257324219E-2,-1.167678833E-2,1.272583008E-2,2.136306523E-2
1.324560260E-1,-5.206823349E-3,-3.189712763E-3,2.463340759E-3,6.584324156E-3
1.423742390E-1,7.488131523E-4,3.288686275E-3,4.121780396E-3,5.325903884E-3
1.524450390E-1,-3.907680511E-3,-3.019869328E-4,8.026123047E-3,8.931954671E-3
1.625463580E-1,-2.612173557E-3,-6.073981524E-3,5.442619324E-3,8.563807993E-3
1.725866410E-1,9.629011154E-3,-2.405226231E-3,1.046848297E-2,1.442539791E-2
1.825964070E-1,-5.161881447E-3,-8.107125759E-3,-5.500793457E-3,1.107380860E-2
1.926366900E-1,3.683269024E-3,-4.945844412E-3,-4.152297974E-3,7.434341000E-3
2.027990430E-1,1.050782204E-2,5.632638931E-3,1.912879944E-2,2.254000695E-2
2.129003620E-1,8.944869041E-4,3.719121218E-3,2.870559692E-3,4.782476597E-3
2.229711620E-1,6.071448326E-3,-6.243199110E-3,-1.111984253E-2,1.412412538E-2
2.330114460E-1,1.050060987E-2,-8.350878954E-3,7.761955261E-3,1.549993344E-2
2.431127640E-1,1.477479935E-3,-5.499422550E-4,2.197360992E-2,2.203009116E-2
2.531530470E-1,6.635010242E-3,-1.672729850E-2,5.045890808E-3,1.868921855E-2
2.632543660E-1,1.682746410E-2,5.232751369E-3,-1.016712189E-2,2.034491589E-2
2.732946490E-1,-6.876468658E-3,7.374107838E-3,-3.471374512E-3,1.066366394E-2
2.842199420E-1,2.516883612E-2,4.812538624E-3,1.226520538E-2,2.840890886E-2
2.934362500E-1,-1.704156399E-3,1.043418050E-2,9.540557861E-3,1.424073439E-2
3.035070510E-1,3.559470177E-3,1.934948564E-2,5.181312561E-3,2.034498518E-2
3.136083690E-1,1.715064049E-3,6.550371647E-3,-4.254341125E-3,7.996763834E-3
3.236486530E-1,-4.714190960E-3,-6.152987480E-4,-1.163482666E-2,1.256866661E-2
3.337194530E-1,4.116058350E-3,3.461509943E-3,-2.431869507E-4,5.383597990E-3
3.437902540E-1,-1.227974892E-3,1.896655560E-2,2.080917358E-3,1.911984233E-2
3.538610550E-1,3.444492817E-3,1.370278001E-2,-6.676673889E-3,1.562717777E-2
3.639318560E-1,4.494965076E-3,2.540016174E-2,-1.801776886E-2,3.146447079E-2
3.740331740E-1,-5.493223667E-3,1.877143979E-2,4.560470581E-3,2.008333513E-2
3.841039750E-1,5.678772926E-3,1.119840145E-2,1.713752747E-2,2.124494068E-2
3.941442580E-1,-6.664633751E-3,1.777243614E-2,6.153106689E-3,1.995338446E-2
4.042150590E-1,-8.758246899E-3,1.890578866E-2,-5.616188049E-3,2.157955750E-2
4.142858600E-1,-2.669513226E-3,8.451998234E-3,7.300376892E-3,1.148294726E-2
4.244176960E-1,3.104805946E-4,4.689216614E-3,-1.630783081E-3,4.974394848E-3
4.351598830E-1,8.754134178E-4,2.710065246E-2,-1.576423645E-3,2.716057480E-2
4.444982620E-1,3.737270832E-3,2.330628037E-2,-3.585815430E-4,2.360674647E-2
4.545690630E-1,-1.143246889E-2,1.443156600E-2,1.238250732E-2,2.218778785E-2
4.646398640E-1,-1.162666082E-2,1.796364784E-3,3.281593323E-3,1.221372274E-2
4.747411820E-1,-7.182836533E-3,5.792766809E-3,-8.392333984E-3,1.247319356E-2
4.856969920E-1,-9.259164333E-3,8.490711451E-3,-3.480911255E-3,1.303614392E-2
4.950048540E-1,-7.224738598E-3,4.151403904E-3,9.940147400E-3,1.297064118E-2
5.051366900E-1,-2.352356911E-3,1.559188962E-2,2.117252350E-2,2.639917340E-2
5.152685260E-1,2.318483591E-2,1.177519560E-3,4.271507263E-3,2.360442634E-2
5.253698440E-1,3.325283527E-3,-5.219042301E-3,-1.034069061E-2,1.205096658E-2
5.357458210E-1,-8.364439011E-3,-1.084187627E-2,-7.333755493E-4,1.371305804E-2
5.456335160E-1,-5.769848824E-3,-1.857832074E-2,9.129524231E-3,2.148937807E-2
5.557348340E-1,-9.043812752E-3,-8.695930243E-3,1.055145264E-2,1.639337990E-2
5.661108110E-1,-7.591843605E-3,-7.255554199E-3,1.888751984E-2,2.161058911E-2
5.759679890E-1,1.002216339E-2,-7.013708353E-3,3.787994385E-3,1.280565365E-2
5.861608600E-1,9.112834930E-3,-1.430249214E-2,-6.176948547E-3,1.804881534E-2
5.965063190E-1,-2.769827843E-3,-5.137890577E-3,-7.638931274E-4,5.886713733E-3
6.063940140E-1,-2.677500248E-3,-7.282406092E-3,1.893806458E-2,2.046589201E-2
6.165563670E-1,1.468062401E-3,-9.355425835E-3,1.945686340E-2,2.163905574E-2
6.266882030E-1,-5.528211594E-3,-1.250985265E-2,-7.801055908E-3,1.574528533E-2
6.368200390E-1,6.810188293E-3,-1.103997231E-3,-8.116722107E-3,1.065263593E-2
6.469518750E-1,-3.830432892E-3,8.332729340E-5,4.882812500E-3,6.206530229E-3
6.570837110E-1,-1.122534275E-2,-1.843091846E-2,7.611274719E-3,2.288315052E-2
6.672155470E-1,7.129907608E-4,-2.244809270E-2,-1.231956482E-2,2.561634047E-2
6.773473830E-1,4.170238972E-3,-1.301199198E-2,-8.427619934E-3,1.605389691E-2
6.882726760E-1,-1.217919588E-2,-3.905177116E-3,-5.830764771E-3,1.405635224E-2
6.975805370E-1,4.437208176E-3,1.127016544E-2,1.808166504E-2,2.176354879E-2
7.077123730E-1,3.124058247E-3,1.631379128E-3,1.399803162E-2,1.443488922E-2
7.178442090E-1,-2.186894417E-3,-1.345342398E-2,5.434036255E-3,1.467330481E-2
7.279760450E-1,-5.005002022E-3,6.657004356E-3,-2.309703827E-2,2.455277844E-2
7.381078810E-1,-7.153928280E-3,3.544062376E-3,-2.650260925E-3,8.412071738E-3
7.482397170E-1,9.870231152E-3,5.348920822E-4,2.404785156E-2,2.600012956E-2
7.586462110E-1,1.417279243E-2,1.613748074E-2,-6.829261780E-3,2.253719473E-2
7.687780470E-1,1.311033964E-2,1.154327393E-2,-2.744388580E-2,3.253144704E-2
7.785436720E-1,-2.357065678E-3,4.225909710E-3,-5.111694336E-3,7.038713694E-3
7.886144730E-1,-8.075296879E-3,4.660308361E-3,1.010417938E-2,1.374857573E-2
7.986852740E-1,5.498528481E-3,3.929704428E-3,3.970146179E-3,7.838268497E-3
8.088476270E-1,1.084208488E-4,1.189655066E-2,-1.178264618E-2,1.674426539E-2
8.171484080E-1,1.084208488E-4,1.189655066E-2,-1.178264618E-2,1.674426539E-2
8.271886920E-1,-4.704594612E-4,2.654516697E-2,-1.370525360E-2,2.987810566E-2
8.372594920E-1,-3.921091557E-3,2.681085467E-2,1.337528229E-2,3.021746289E-2
8.473302930E-1,-4.365622997E-3,4.583895206E-4,2.276802063E-2,2.318731439E-2
8.574010940E-1,-1.348322630E-2,5.649924278E-3,2.141952515E-2,2.593289597E-2
8.675024120E-1,-6.676435471E-3,1.420050859E-3,-1.574230194E-2,1.715842083E-2
8.775732130E-1,1.438808441E-2,6.004273891E-3,-1.925945282E-2,2.477891848E-2
8.884679890E-1,7.536411285E-3,1.042091846E-2,-5.312919617E-3,1.391474583E-2
8.976842970E-1,-4.278957844E-3,1.470509171E-2,-8.027076721E-3,1.729112961E-2
9.077550980E-1,-9.477138519E-5,8.432865143E-3,-8.924484253E-3,1.227878721E-2
9.178258990E-1,4.836320877E-4,5.835980177E-3,2.951622009E-3,6.557792091E-3
9.279272170E-1,1.057505608E-3,2.175152302E-3,7.470130920E-3,7.851908151E-3
9.379980180E-1,7.379591465E-3,-2.528905869E-3,1.127719879E-2,1.371236477E-2
9.480383010E-1,8.874118328E-3,-5.910903215E-3,-3.568649292E-3,1.124384323E-2
9.581091020E-1,7.413029671E-3,-6.879150867E-3,-1.732921600E-2,2.006433285E-2
9.681799030E-1,-9.319186211E-4,1.448005438E-3,-9.803771973E-3,9.953850358E-3
9.782507030E-1,1.182854176E-2,1.123809814E-2,1.250076294E-2,2.055427751E-2
9.883520220E-1,-7.652461529E-3,-4.181683064E-3,2.835273743E-3,9.169810134E-3
9.983923050E-1,-5.081593990E-3,-8.083850145E-3,-9.413719177E-3,1.340855471E-2
1.008463106E0,1.185870171E-2,7.216036320E-3,-5.633354187E-3,1.498114367E-2
1.018533907E0,6.831884384E-3,-5.163878202E-3,-1.389503479E-3,8.675886251E-3
1.028604707E0,-2.347141504E-2,-3.601908684E-4,1.716804504E-2,2.908227694E-2
1.038675508E0,-1.286566257E-3,-1.018655300E-2,-5.971908569E-3,1.187791256E-2
1.048746309E0,-1.223254204E-2,-2.778318524E-2,-1.502132416E-2,3.387005531E-2
1.058847627E0,-2.606511116E-4,-7.770359516E-3,1.034832001E-2,1.294349848E-2
1.068796358E0,-2.567708492E-3,-1.618444920E-2,5.386352539E-3,1.724941496E-2
1.078989229E0,-7.416009903E-4,-2.915591002E-3,5.782127380E-3,6.517947527E-3
1.089853487E0,4.336237907E-4,5.279421806E-3,1.022052765E-2,1.151171185E-2
1.099100313E0,4.475474358E-3,-8.201211691E-3,8.139610291E-3,1.239124689E-2
1.109171114E0,-3.052353859E-4,-3.455188870E-2,-9.492874146E-3,3.583351561E-2
1.119241914E0,1.128381491E-2,-1.487395167E-2,-3.115463257E-2,3.632038061E-2
1.129312715E0,1.958078146E-2,-4.554539919E-3,-8.713722229E-3,2.191072321E-2
1.139383516E0,9.665012360E-3,2.288222313E-4,5.456924438E-3,1.110147953E-2
1.149454317E0,-8.593380451E-3,1.180008054E-2,1.511383057E-2,2.101228123E-2
1.159525117E0,-5.401134491E-3,6.775200367E-3,4.196166992E-3,9.627222405E-3
1.169626436E0,2.301514149E-3,-8.495807648E-3,1.157855988E-2,1.454437224E-2
1.179666719E0,1.725518703E-2,3.366261721E-3,2.040863037E-4,1.758166229E-2
1.189737520E0,3.375351429E-3,1.018664241E-2,-1.947975159E-2,2.224008549E-2
1.199808321E0,5.003333092E-3,1.390337944E-2,-3.210067749E-3,1.512090728E-2
1.209879121E0,-1.078385115E-2,-1.605242491E-3,3.844261169E-3,1.156056197E-2
1.219980440E0,-1.042437553E-2,7.640421391E-4,8.347511292E-3,1.337655824E-2
1.230020723E0,3.367066383E-4,-6.208747625E-3,2.252483368E-2,2.336728591E-2
1.240122041E0,1.247960329E-2,-7.152289152E-3,2.687454224E-3,1.463277652E-2
1.250162325E0,-9.053945541E-5,-2.872347832E-3,-7.815361023E-3,8.326971081E-3
1.260233125E0,-2.978563309E-3,1.400908828E-2,-1.854419708E-2,2.343104008E-2
1.270303926E0,5.869865417E-4,2.553254366E-3,-1.156902313E-2,1.186195419E-2
1.280405244E0,-1.505297422E-2,3.043413162E-3,1.253509521E-2,1.982379905E-2
1.291269502E0,-1.166015863E-2,8.148759604E-3,1.443290710E-2,2.026500407E-2
1.300516328E0,1.129627228E-2,1.771548390E-2,-2.819061279E-3,2.119885006E-2
1.310587129E0,8.603930473E-3,8.437126875E-3,-3.049945831E-2,3.279374463E-2
1.320688448E0,-4.987537861E-3,7.005363703E-3,-1.732826233E-2,1.934474941E-2
1.330759248E0,1.426541805E-2,3.997683525E-4,1.217460632E-2,1.875854488E-2
1.340830049E0,-1.802617311E-2,9.074300528E-3,2.160739899E-2,2.956629057E-2
1.350900850E0,-1.279377937E-2,-8.013874292E-3,7.567405701E-3,1.688693580E-2
1.360941133E0,-7.750511169E-3,-7.994174957E-4,-1.933097839E-3,8.027848963E-3
1.371011934E0,-1.038318872E-2,1.310712099E-2,-1.633834839E-2,2.337838439E-2
1.381113252E0,5.008101463E-3,1.556125283E-2,5.033493042E-3,1.710466960E-2
1.391153535E0,4.265904427E-3,1.735833287E-2,1.876068115E-2,2.591279255E-2
1.401224336E0,-9.756207466E-3,1.159310341E-3,1.235294342E-2,1.578362429E-2
1.411295137E0,-1.580309868E-2,-5.811899900E-3,-1.757431030E-2,2.433870356E-2
1.421365938E0,-1.181006432E-2,-5.042910576E-3,-1.467227936E-2,1.949831654E-2
1.431436739E0,-1.578032970E-3,5.538791418E-3,1.763248444E-2,1.854920230E-2
1.441507539E0,-7.307469845E-3,9.395718575E-3,1.999855042E-3,1.206971678E-2
1.451578340E0,2.774477005E-3,-6.537884474E-3,-1.368713379E-2,1.542009362E-2
1.461649141E0,1.516759396E-3,-5.729943514E-3,-2.711105347E-2,2.775143297E-2
1.471719942E0,-1.009792089E-2,-1.076051593E-2,1.566886902E-3,1.483953652E-2
1.481790742E0,-8.020818233E-3,-1.386812329E-2,2.234172821E-2,2.749202045E-2
1.492685518E0,-3.136634827E-3,-1.012086868E-4,1.175880432E-2,1.217038209E-2
1.501932344E0,4.489421844E-4,5.698978901E-3,1.136684418E-2,1.272340584E-2
1.512003145E0,2.009594440E-2,1.244157553E-2,-2.082824707E-2,3.150326426E-2
1.522073946E0,1.017773151E-2,2.778500319E-3,-3.362655640E-3,1.107310868E-2
1.532144746E0,6.357431412E-3,-1.370400190E-3,7.163047791E-3,9.674925555E-3
1.542215547E0,-2.117753029E-4,-1.926091313E-2,7.499694824E-3,2.067058407E-2
1.552286348E0,-4.261016846E-3,-3.481456637E-2,-6.629943848E-3,3.569546822E-2
1.562357149E0,5.125403404E-4,-2.413243055E-3,-8.725166321E-3,9.067246934E-3
1.572427950E0,9.183287621E-3,1.675391197E-2,5.460739136E-3,1.987073249E-2
1.582498750E0,-3.276944160E-3,1.272916794E-2,2.957248688E-2,3.236204659E-2
1.592569551E0,-8.949756622E-3,-6.206601858E-3,1.528167725E-2,1.876565239E-2
1.602640352E0,-4.034638405E-3,-3.203374147E-2,-1.185131073E-2,3.439320378E-2
1.612711153E0,-3.900170326E-3,-3.270646930E-2,-1.086616516E-2,3.468426167E-2
1.622781953E0,4.342436790E-3,-1.599583030E-2,-1.513576508E-2,2.244581762E-2
1.632852754E0,1.113027334E-2,1.173666120E-2,1.545906067E-2,2.237442195E-2
1.642862520E0,1.307505369E-2,2.696585655E-2,1.320362091E-2,3.274828322E-2
1.653024873E0,-2.981185913E-3,3.296136856E-5,-1.037979126E-2,1.079947325E-2
1.663065157E0,2.324998379E-3,6.071329117E-4,9.546279907E-4,2.585641590E-3
1.673166475E0,1.671743393E-2,-2.892819047E-2,-3.708839417E-3,3.361648838E-2
1.683206758E0,1.095336676E-2,-4.069331288E-2,-2.672863007E-2,4.990332275E-2
1.694162569E0,7.697224617E-3,2.315956354E-2,-1.194286346E-2,2.717065767E-2
1.703348360E0,1.842951775E-2,3.511697054E-2,3.499984741E-3,3.981329724E-2
1.713419160E0,1.492416859E-2,2.931484580E-2,2.595138550E-2,4.189946780E-2
1.723489961E0,1.268619299E-2,6.345182657E-3,1.928997040E-2,2.394376314E-2
1.733560762E0,-2.206563950E-3,-2.236366272E-4,-6.812095642E-3,7.164048076E-3
1.743631563E0,4.239082336E-3,-9.479284286E-3,-2.509689331E-2,2.716027804E-2
1.753702364E0,-1.109004021E-3,-6.847530603E-3,-6.323814392E-3,9.386649762E-3
1.763773164E0,7.849931717E-5,4.369586706E-3,5.465507507E-3,6.997944158E-3
1.773874483E0,1.454579830E-2,1.869383454E-2,1.569652557E-2,2.841514760E-2
1.783914766E0,1.695197821E-2,9.397625923E-3,-1.491737366E-2,2.445839273E-2
1.793985567E0,6.548523903E-3,-2.494513988E-3,-1.326942444E-2,1.500611176E-2
1.804056367E0,-1.623749733E-2,-4.727125168E-3,-1.108646393E-2,2.022156558E-2
1.814157686E0,-7.583677769E-3,-6.885319948E-3,-1.186752319E-2,1.567666757E-2
1.824228487E0,1.917481422E-3,-8.589923382E-4,4.723548889E-3,5.169769526E-3
1.834268770E0,-1.260161400E-2,2.403840423E-2,3.991127014E-3,2.743309403E-2
1.844339571E0,-1.970416307E-2,1.862031221E-2,1.484680176E-2,3.090950650E-2
1.854410371E0,-1.037424803E-2,6.996005774E-3,1.492691040E-2,1.947772505E-2
1.864511690E0,-1.176893711E-2,2.131253481E-3,-1.045417786E-2,1.588521189E-2
1.874551973E0,-9.060859680E-3,-4.872351885E-3,-1.068115234E-2,1.482990244E-2
1.884622774E0,-2.148824930E-2,-1.801458001E-2,1.829147339E-3,2.810010198E-2
1.895639619E0,-4.561543465E-3,1.672625542E-3,1.768112183E-3,5.170258763E-3
1.904764375E0,-1.193207502E-2,1.260575652E-2,-1.159572601E-2,2.087439517E-2
1.914865694E0,1.770317554E-3,4.087716341E-3,9.450912476E-4,4.553750827E-3
1.924936494E0,1.386541128E-2,-4.146367311E-3,-3.718376160E-3,1.494216561E-2
1.934976778E0,-3.957688808E-3,-8.639693260E-3,-5.334854126E-3,1.089808556E-2
1.945078096E0,-5.566298962E-3,-1.979619265E-3,-1.442050934E-2,1.558376290E-2
1.955148897E0,2.141833305E-3,3.293186426E-3,-1.972198486E-2,2.010943096E-2
1.965219698E0,-4.286885262E-3,-2.976357937E-4,-1.906490326E-2,1.954319597E-2
1.975259981E0,-1.109129190E-2,-6.069779396E-3,4.137992859E-3,1.330345680E-2
1.985361299E0,-2.623736858E-3,6.861925125E-3,3.003406525E-2,3.091949364E-2
1.995432100E0,-2.047246695E-2,1.647156477E-2,8.781433105E-3,2.770465514E-2
2.005502901E0,-2.094054222E-2,2.027869225E-3,-1.059818268E-2,2.355716533E-2
2.015543184E0,1.159965992E-3,-4.397034645E-3,4.799842834E-3,6.611953267E-3
2.025613985E0,9.219110012E-3,-1.523932815E-2,-1.156806946E-3,1.784845411E-2
2.035715303E0,1.007705927E-2,3.138184547E-4,-1.693725586E-3,1.022322414E-2
2.045786104E0,9.151160717E-3,2.344635129E-2,1.340770721E-2,2.851739371E-2
2.055826387E0,-9.775161743E-4,1.822829247E-3,2.453994751E-2,2.462696222E-2
2.065897188E0,-2.110183239E-3,1.762062311E-3,2.140617371E-2,2.158198345E-2
2.075967989E0,1.243007183E-2,-1.564285159E-2,1.721191406E-2,2.637148986E-2
2.086038789E0,2.185410261E-2,4.990100861E-4,-1.749324799E-2,2.799758092E-2
2.096933565E0,4.915177822E-3,1.032072306E-2,-1.691055298E-2,2.041183724E-2
2.106180391E0,1.575493813E-2,2.454102039E-3,6.795883179E-3,1.733276436E-2
2.116251192E0,7.707178593E-3,8.729606867E-3,1.466751099E-2,1.872812101E-2
2.126321992E0,-1.107591391E-2,-1.585489511E-2,-2.592086792E-3,1.951339237E-2
2.136392793E0,-2.930760384E-4,-1.532641053E-2,-4.245758057E-3,1.590632625E-2
2.146799287E0,7.239282131E-3,-3.251403570E-3,8.625030518E-3,1.172049412E-2
2.156534395E0,5.847454071E-3,9.011119604E-3,-4.966735840E-3,1.183475646E-2
2.166605196E0,2.647978067E-2,-1.127600670E-3,-1.580524445E-2,3.085864579E-2
2.176675996E0,1.633399725E-2,4.116803408E-3,-3.124237061E-3,1.713208667E-2
2.186746797E0,-2.721905708E-3,5.144834518E-3,2.764511108E-2,2.825119926E-2
2.196817598E0,6.056666374E-3,-6.388041377E-2,6.896781921E-2,9.420164838E-2
2.206888399E0,-1.092553139E-3,-1.896202266E-1,7.591724396E-2,2.042558492E-1
2.216959200E0,-6.007152796E-2,-2.400139272E-1,1.029014587E-1,2.679626540E-1
2.227091035E0,-2.171939015E-1,-3.454127014E-1,5.322561264E-1,6.706561781E-1
2.237497530E0,-2.411949635E-1,-3.205943108E-1,4.960031509E-1,6.379458035E-1
2.247354707E0,-8.386874199E-2,-3.347913623E-1,9.008026123E-2,3.566982977E-1
2.257486543E0,-1.157950163E-1,-3.554477394E-1,2.978801727E-2,3.750185425E-1
2.267618379E0,-2.588910460E-1,-4.477503896E-1,3.256130219E-1,6.111700460E-1
2.277719698E0,-2.774606347E-1,-5.971422195E-1,4.507408142E-1,7.979539559E-1
2.287851533E0,-2.786255479E-1,-5.616170168E-1,3.552837372E-1,7.206055810E-1
2.298807344E0,-8.476924896E-2,-5.822498798E-1,-1.107606888E-1,5.987225387E-1
2.308115205E0,-2.350348234E-2,-6.189512014E-1,-3.610668182E-1,7.169534508E-1
2.318369112E0,-1.204988360E-1,-5.364130735E-1,-2.807531357E-1,6.173178097E-1
2.328531465E0,-2.333492041E-2,-5.295362473E-1,-4.027452469E-1,6.657003001E-1
2.338663301E0,7.407122850E-2,-4.870014787E-1,-8.377256393E-1,9.718236640E-1
2.348764619E0,1.612831950E-1,-3.689329624E-1,-1.222924232E0,1.287504360E0
2.358896455E0,2.027683258E-1,-1.784237325E-1,-1.274156570E0,1.302468805E0
2.369058809E0,2.347875834E-1,6.310462952E-3,-1.277395248E0,1.298808551E0
2.379160127E0,1.714122295E-1,3.156470358E-1,-1.389308929E0,1.434989375E0
2.389291963E0,6.791967154E-2,6.557515860E-1,-1.241163254E0,1.405385871E0
2.399423799E0,1.171485186E-1,9.052667022E-1,-9.695119858E-1,1.331609953E0
2.409555635E0,2.017592788E-1,1.002385020E0,-8.689165115E-1,1.341826531E0
2.419687471E0,2.870307565E-1,1.046499014E0,-6.258687973E-1,1.252700520E0
2.429788789E0,2.381243706E-1,1.081619978E0,-2.582645416E-2,1.107823090E0
2.439951143E0,1.306675673E-1,1.108062506E0,7.486209869E-1,1.343618217E0
2.450052461E0,1.043195128E-1,1.043927789E0,1.550487518E0,1.872078880E0
2.460184297E0,1.795343161E-1,1.109224796E0,1.853472710E0,2.167480866E0
2.470346651E0,3.135731220E-1,1.144585371E0,1.799802780E0,2.155851067E0
2.480478487E0,3.499819636E-1,1.101801038E0,1.839328766E0,2.172460175E0
2.490549287E0,3.203796744E-1,1.022829890E0,1.860751152E0,2.147374902E0
2.501657686E0,1.864627600E-1,8.319413066E-1,1.897669792E0,2.080395476E0
2.510812959E0,1.310703158E-1,6.231074333E-1,1.760353088E0,1.871973637E0
2.521005830E0,1.903482676E-1,5.936641097E-1,1.487590790E0,1.612946340E0
2.531229219E0,2.950868011E-1,6.988534331E-1,9.247875214E-1,1.196120521E0
2.541086397E0,3.922924995E-1,7.525098920E-1,4.808387756E-1,9.753822178E-1
2.551187715E0,3.549225628E-1,7.482534647E-1,2.229528427E-1,8.576486711E-1
2.559366426E0,3.549225628E-1,7.482534647E-1,2.229528427E-1,8.576486711E-1
2.569467744E0,3.077946603E-1,7.319847941E-1,7.233619690E-3,7.940979896E-1
2.579538545E0,2.905875146E-1,6.792354584E-1,-3.320693970E-1,8.099827134E-1
2.589578828E0,2.861080766E-1,5.894810557E-1,-7.925634384E-1,1.028349430E0
2.599680147E0,3.118682802E-1,5.432076454E-1,-1.230759621E0,1.380979947E0
2.609750948E0,2.436077893E-1,4.539459348E-1,-1.393980026E0,1.486133231E0
2.619791231E0,1.244040430E-1,3.282914162E-1,-1.283277512E0,1.330433310E0
2.629862032E0,-7.611930370E-3,1.345201135E-1,-1.145613670E0,1.153509551E0
2.639963350E0,-1.149753928E-1,-1.251269579E-1,-1.002124786E0,1.016430118E0
2.650034151E0,-1.990981102E-1,-3.194195032E-1,-8.292722702E-1,9.106927993E-1
2.660074434E0,-1.791568696E-1,-4.459044337E-1,-8.143596649E-1,9.455736945E-1
2.670145235E0,-1.760759950E-1,-5.924667120E-1,-7.091121674E-1,9.406697756E-1
2.680246553E0,-2.303726971E-1,-6.976959705E-1,-3.313674927E-1,8.060121972E-1
2.690317354E0,-2.932878733E-1,-7.600641251E-1,-1.212835312E-1,8.236655545E-1
2.701303682E0,-2.632596493E-1,-7.763978839E-1,-1.444396973E-1,8.324434775E-1
2.710458955E0,-2.892062068E-1,-8.228380084E-1,-8.696651459E-2,8.765077255E-1
2.720529756E0,-3.148483932E-1,-8.255004287E-1,-1.289844513E-2,8.835987994E-1
2.730570039E0,-3.332932591E-1,-8.280740976E-1,1.471614838E-2,8.927528621E-1
2.740671358E0,-4.205375910E-1,-8.588970304E-1,1.930122375E-1,9.756073483E-1
2.750742158E0,-5.216594338E-1,-9.199628830E-1,4.498395920E-1,1.149267562E0
2.760782442E0,-6.240420938E-1,-9.645085335E-1,4.695672989E-1,1.241047418E0
2.770853242E0,-6.049811840E-1,-8.930195570E-1,4.429264069E-1,1.166048869E0
2.780954561E0,-6.316764355E-1,-9.569747448E-1,4.449329376E-1,1.229951666E0
2.790964326E0,-5.822707415E-1,-9.250755906E-1,1.726226807E-1,1.106617664E0
2.801096162E0,-4.083832502E-1,-9.648339748E-1,-2.601337433E-1,1.079514262E0
2.811166963E0,-3.762442470E-1,-1.087166071E0,-1.907062531E-1,1.166129784E0
2.821237764E0,-5.465458035E-1,-1.070013881E0,1.437234879E-1,1.210082006E0
2.831308565E0,-4.519512653E-1,-1.051707745E0,2.950668335E-3,1.144708624E0
2.841379366E0,-3.310095668E-1,-1.051947951E0,-5.442237854E-2,1.104139312E0
2.851450166E0,-3.523672819E-1,-9.098410606E-1,-2.542400360E-2,9.760224572E-1
2.861490450E0,-1.872937679E-1,-7.759373784E-1,-1.495399475E-1,8.121083466E-1
2.871561250E0,-1.353399158E-1,-7.390838861E-1,2.611923218E-2,7.518271729E-1
2.881662569E0,-2.697013617E-1,-7.896588445E-1,1.780014038E-1,8.532200272E-1
2.891702852E0,-1.519288421E-1,-7.841641307E-1,-1.415348053E-1,8.111891629E-1
2.902719698E0,-5.312728882E-2,-7.551342845E-1,-2.600545883E-1,8.004240659E-1
2.911874971E0,-1.092212796E-1,-6.819366217E-1,-6.450176239E-2,6.936334199E-1
2.921915254E0,-9.863322973E-2,-5.787875056E-1,5.337810516E-2,5.895529771E-1
2.931986055E0,-4.270213842E-2,-4.559189379E-1,1.163959503E-1,4.724759971E-1
2.942087373E0,-1.118838787E-2,-3.805557489E-1,3.209781647E-2,3.820708415E-1
2.952158174E0,7.365876436E-2,-3.186934888E-1,-1.286716461E-1,3.514933085E-1
2.962228975E0,9.434646368E-2,-2.611943483E-1,-7.172489166E-2,2.868243415E-1
2.972269258E0,7.037436962E-2,-1.836341321E-1,1.134939194E-1,2.270570768E-1
2.982370576E0,1.091077328E-1,-1.075087115E-1,1.733579636E-1,2.313343985E-1
2.992441377E0,1.847381592E-1,-1.713512838E-2,5.358982086E-2,1.931156881E-1
3.002512178E0,2.410766482E-1,8.816219866E-2,-8.401870728E-4,2.566928700E-1
3.012552461E0,2.718042135E-1,1.662313491E-1,1.769924164E-2,3.190981903E-1
3.022653780E0,3.182932138E-1,2.359013855E-1,5.183124542E-2,3.995578953E-1
3.032694063E0,3.470221162E-1,2.963165045E-1,7.613754272E-2,4.626280854E-1
3.042795381E0,3.533909321E-1,3.593493402E-1,5.334758759E-2,5.068165983E-1
3.052835664E0,4.220291376E-1,4.376272857E-1,-3.696155548E-2,6.090914470E-1
3.062814912E0,4.912851453E-1,5.156117082E-1,-1.103649139E-1,7.206919882E-1
3.072977266E0,5.715373158E-1,5.667032003E-1,-9.684753418E-2,8.106706270E-1
3.083078584E0,5.900989771E-1,6.496481895E-1,1.631355286E-2,8.777959358E-1
3.093149385E0,6.028203964E-1,7.228810787E-1,4.469490051E-2,9.423094600E-1
3.104196748E0,6.324934363E-1,7.797929049E-1,-3.143119812E-2,1.004546087E0
3.113290987E0,6.229744554E-1,8.243793249E-1,-1.599931717E-1,1.045608081E0
3.123361787E0,6.166785359E-1,8.703852892E-1,-2.096195221E-1,1.087107774E0
3.133402071E0,5.596749187E-1,8.951810598E-1,-8.691692352E-2,1.059310953E0
3.143472871E0,4.733158350E-1,9.000635743E-1,6.295108795E-2,1.018874456E0
3.153543672E0,4.430834949E-1,8.816255927E-1,7.589817047E-2,9.896197257E-1
3.163614473E0,4.074720740E-1,8.800126314E-1,1.144475937E-1,9.765008829E-1
3.173715791E0,3.504946828E-1,8.744118810E-1,2.460241318E-1,9.736377836E-1
3.183756075E0,2.572431266E-1,8.053361177E-1,3.413839340E-1,9.117473768E-1
3.193826875E0,1.884876788E-1,7.564991117E-1,4.144783020E-1,8.829557032E-1
3.203806123E0,1.301366687E-1,7.098799944E-1,4.307527542E-1,8.404838453E-1
3.213968477E0,7.603174448E-2,6.804352403E-1,3.978824615E-1,7.918859738E-1
3.224039278E0,2.547082305E-2,6.513819695E-1,3.770971298E-1,7.530932733E-1
3.234110078E0,2.693757415E-2,5.625559688E-1,1.753273010E-1,5.898597404E-1
3.244180879E0,5.602836609E-6,4.708940387E-1,9.484767914E-2,4.803512027E-1
3.254251680E0,-8.215299249E-2,4.349455833E-1,1.842584610E-1,4.794558948E-1
3.264322481E0,-1.280163527E-1,4.111990333E-1,1.659622192E-1,4.615368780E-1
3.274393282E0,-1.324369907E-1,3.702930808E-1,2.677917480E-2,3.941746395E-1
3.284464082E0,-1.482743919E-1,3.110886812E-1,-1.228094101E-1,3.658464351E-1
3.294534883E0,-2.185429931E-1,2.486362457E-1,-1.048355103E-1,3.472340806E-1
3.305429658E0,-3.200406730E-1,1.645620465E-1,2.017116547E-2,3.604352583E-1
3.314676485E0,-3.637565076E-1,8.848237991E-2,2.874755859E-2,3.754655118E-1
3.324747285E0,-3.371613920E-1,6.064945459E-2,-1.290044785E-1,3.660578042E-1
3.334818086E0,-3.149338067E-1,1.580810547E-2,-3.272237778E-1,4.544321726E-1
3.344797334E0,-3.304700255E-1,-6.121337414E-3,-3.249893188E-1,4.635363696E-1
3.354990205E0,-3.738381863E-1,-7.360577583E-2,-2.730770111E-1,4.687684436E-1
3.365061006E0,-4.070876837E-1,-1.608479619E-1,-2.558765411E-1,5.070160287E-1
3.375101289E0,-3.952586055E-1,-2.006071210E-1,-2.670097351E-1,5.174618641E-1
3.385172090E0,-3.878653646E-1,-2.280668616E-1,-2.500114441E-1,5.147424177E-1
3.395273408E0,-3.587408662E-1,-2.580627799E-1,-3.169031143E-1,5.438005069E-1
3.405344209E0,-3.508391380E-1,-3.102166057E-1,-2.936105728E-1,5.527473308E-1
3.415384492E0,-3.339377046E-1,-3.594667315E-1,-1.981840134E-1,5.291574669E-1
3.425455293E0,-3.349458575E-1,-3.764243126E-1,-1.105699539E-1,5.158582221E-1
3.435556612E0,-3.203147054E-1,-3.928018808E-1,-5.944824219E-2,5.103223702E-1
3.445596895E0,-2.917013764E-1,-3.953288794E-1,-6.671524048E-2,4.958079660E-1
3.455667696E0,-2.669328451E-1,-3.867828250E-1,-3.325080872E-2,4.711260063E-1
3.465738496E0,-2.597755790E-1,-3.808373809E-1,3.786182404E-2,4.625515969E-1
3.475839815E0,-2.198607922E-1,-3.982331157E-1,7.478809357E-2,4.610006955E-1
3.485910616E0,-1.864980459E-1,-4.150342345E-1,7.750225067E-2,4.615642272E-1
3.495950899E0,-1.525068879E-1,-4.069965482E-1,-1.302146912E-2,4.348265168E-1
3.506967744E0,-1.219645739E-1,-4.015278220E-1,-2.242565155E-2,4.202414294E-1
3.516123018E0,-1.312184930E-1,-4.072302580E-1,6.453704834E-2,4.326890414E-1
3.526163301E0,-1.216377616E-1,-3.994379938E-1,8.784484863E-2,4.266886140E-1
3.536234102E0,-8.401179314E-2,-3.942359686E-1,6.466484070E-2,4.082419894E-1
3.546335420E0,-5.345159769E-2,-3.782037497E-1,4.977989197E-2,3.851924028E-1
3.556375703E0,-4.646307230E-2,-3.841084242E-1,-9.168624878E-3,3.870170052E-1
3.566446504E0,-4.374903440E-2,-3.794026375E-1,3.858852386E-2,3.838611904E-1
3.576517305E0,-3.823441267E-2,-3.713874221E-1,9.111118317E-2,3.843068244E-1
3.586618623E0,-7.459580898E-3,-3.780945539E-1,6.839752197E-2,3.843037316E-1
3.596658907E0,1.189053059E-2,-3.666566610E-1,1.983165741E-2,3.673850656E-1
3.606729707E0,2.305829525E-2,-3.573257923E-1,8.392333984E-5,3.580690071E-1
3.616800508E0,2.228969336E-2,-3.338360488E-1,4.577732086E-2,3.376964629E-1
3.626901826E0,3.427606821E-2,-3.163508475E-1,6.740951538E-2,3.252641239E-1
3.636942110E0,5.049449205E-2,-2.925011814E-1,5.764007568E-2,3.023723088E-1
3.647012910E0,8.062744141E-2,-2.665407062E-1,2.909469604E-2,2.799843454E-1
3.657114229E0,8.894348145E-2,-2.246746421E-1,1.018905640E-2,2.418542010E-1
3.667185030E0,9.985858202E-2,-2.067718804E-1,-2.880096436E-3,2.296402445E-1
3.677225313E0,1.115751266E-1,-1.894658804E-1,1.631736755E-2,2.204826188E-1
3.687326631E0,1.142132878E-1,-1.727367342E-1,1.749897003E-2,2.078193167E-1
3.697366914E0,1.266165972E-1,-1.102792025E-1,-1.026916504E-2,1.682222367E-1
3.708444795E0,1.750393510E-1,-8.288496733E-2,-4.348373413E-2,1.984931418E-1
3.717539033E0,2.073928714E-1,-2.051672339E-2,-5.766963959E-2,2.162371993E-1
3.727609834E0,2.583446503E-1,4.496464133E-2,-5.921363831E-2,2.688308618E-1
3.737650117E0,2.589962482E-1,9.612390399E-2,-2.831459045E-2,2.777059192E-1
3.747751436E0,2.839196324E-1,1.513599157E-1,-3.546905518E-2,3.236946642E-1
3.757822237E0,3.155348301E-1,1.769801676E-1,-6.495189667E-2,3.675635423E-1
3.767893037E0,3.455209732E-1,2.028969228E-1,-8.014774323E-2,4.086264369E-1
3.777933321E0,3.478835225E-1,2.528333068E-1,-4.390430450E-2,4.322906594E-1
3.788034639E0,3.386031985E-1,2.756611109E-1,9.627342224E-3,4.367308780E-1
3.798105440E0,3.377300501E-1,3.011795282E-1,3.476524353E-2,4.538494432E-1
3.808145723E0,3.218408227E-1,2.986627817E-1,3.881359100E-2,4.407805204E-1
3.818216524E0,3.001239300E-1,3.228392303E-1,6.471920013E-2,4.455200521E-1
3.828287325E0,2.727588415E-1,3.467997909E-1,8.396434784E-2,4.491297054E-1
3.838388643E0,2.370575666E-1,3.479691744E-1,7.769966125E-2,4.281542638E-1
3.848459444E0,2.216330767E-1,3.803404272E-1,5.889892578E-2,4.441273969E-1
3.858774385E0,2.044069767E-1,3.960122168E-1,5.289363861E-2,4.487823804E-1
3.868601045E0,1.721346378E-1,4.071200788E-1,8.352184296E-2,4.498366263E-1
3.878671846E0,1.606147587E-1,4.062787890E-1,8.536911011E-2,4.451375519E-1
3.888742647E0,1.292268932E-1,3.661121130E-1,5.648899078E-2,3.923374508E-1
3.898813448E0,1.023515761E-1,3.452352881E-1,8.584690094E-2,3.701796047E-1
3.909799776E0,8.100366592E-2,3.481973410E-1,1.587867737E-1,3.911728795E-1
3.918924532E0,5.805155635E-2,3.336997330E-1,1.459712982E-1,3.688266733E-1
3.929025850E0,5.380073190E-2,3.150538206E-1,1.034927368E-1,3.359526383E-1
3.939066133E0,9.762912989E-3,2.843000293E-1,1.249265671E-1,3.106903093E-1
3.949136934E0,-2.180334926E-2,2.592029572E-1,1.225032806E-1,2.875214997E-1
3.959299287E0,-3.091493249E-2,2.268298268E-1,2.410697937E-2,2.301926364E-1
3.969431123E0,-2.871915698E-2,1.660354733E-1,-2.240753174E-2,1.699843106E-1
3.979501924E0,-8.851778507E-2,1.437300444E-1,5.523681641E-3,1.688911927E-1
3.989633760E0,-1.393757761E-1,1.285254359E-1,3.022289276E-2,1.919839000E-1
3.999765596E0,-1.677112877E-1,1.091960669E-1,-9.548187256E-3,2.003547477E-1
4.010599336E0,-1.812223792E-1,7.025903463E-2,-5.840682983E-2,2.029513253E-1
4.020029268E0,-2.127798200E-1,4.651457071E-2,-7.439613342E-2,2.301600351E-1
4.030191621E0,-2.583452463E-1,2.471208572E-2,-2.042388916E-2,2.603268882E-1
4.040262422E0,-2.647789121E-1,3.719300032E-2,-3.421306610E-2,2.695583897E-1
4.050394258E0,-2.304941416E-1,4.712402821E-3,-1.458969116E-1,2.728290030E-1
4.060526094E0,-2.187547088E-1,-5.858302116E-3,-2.017898560E-1,2.976694279E-1
4.070657930E0,-2.322900891E-1,-6.828308105E-3,-1.649732590E-1,2.849938376E-1
4.080789766E0,-2.245470881E-1,-1.064223051E-2,-1.218614578E-1,2.557046475E-1
4.090921602E0,-2.257500291E-1,-5.542296171E-2,-1.206903458E-1,2.619178113E-1
4.101053438E0,-2.049203515E-1,-6.341385841E-2,-1.421260834E-1,2.573198233E-1
4.112131319E0,-2.171763778E-1,-6.593161821E-2,-1.165609360E-1,2.551450747E-1
4.121317110E0,-2.244070768E-1,-8.109486103E-2,-7.217121124E-2,2.492861736E-1
4.131418428E0,-1.874117851E-1,-1.235124469E-1,-6.398296356E-2,2.333930619E-1
4.141550264E0,-1.730669141E-1,-1.327000260E-1,-5.606842041E-2,2.251779772E-1
4.151560030E0,-1.730800867E-1,-1.444871426E-1,-8.488655090E-3,2.256220469E-1
4.161661348E0,-1.592128873E-1,-1.211447120E-1,4.097175598E-2,2.042142735E-1
4.171793184E0,-1.562215686E-1,-1.315764785E-1,1.820373535E-2,2.050583433E-1
4.181925020E0,-1.220890880E-1,-1.457020640E-1,-2.079963684E-3,1.901030329E-1
4.192056856E0,-1.220610142E-1,-1.674693823E-1,2.633953094E-2,2.088986742E-1
4.202188692E0,-1.081539392E-1,-1.694096327E-1,6.539058685E-2,2.113594736E-1
4.212320528E0,-1.022330523E-1,-1.683942080E-1,4.121875763E-2,2.012639864E-1
4.222452364E0,-8.900165558E-2,-1.737699509E-1,2.249908447E-2,1.965286221E-1
4.232584200E0,-6.635820866E-2,-1.708686650E-1,1.306152344E-2,1.837664712E-1
4.242716035E0,-6.298100948E-2,-1.883160472E-1,3.056240082E-2,2.009069474E-1
4.253122530E0,-7.072001696E-2,-1.941929758E-1,4.458904266E-2,2.114247274E-1
4.263254366E0,-6.026482582E-2,-1.848288476E-1,3.442955017E-2,1.974308640E-1
4.273081026E0,-5.304920673E-2,-1.809836626E-1,2.286815643E-2,1.899796227E-1
4.283518037E0,-4.607409239E-2,-1.784171760E-1,2.325630188E-2,1.857319743E-1
4.293253145E0,-2.024477720E-2,-1.863498390E-1,1.438331604E-2,1.879973225E-1
4.303354463E0,8.204579353E-3,-1.772471368E-1,-5.183219910E-3,1.775126148E-1
4.312509737E0,8.204579353E-3,-1.772471368E-1,-5.183219910E-3,1.775126148E-1
4.321756563E0,1.082211733E-2,-1.661320925E-1,-1.080703735E-2,1.668345960E-1
4.331827364E0,2.493131161E-2,-1.785305440E-1,2.195930481E-2,1.815955300E-1
4.341898164E0,3.047233820E-2,-1.691132486E-1,9.756088257E-4,1.718394776E-1
4.351968965E0,6.184792519E-2,-1.767807901E-1,-3.377914429E-2,1.903093381E-1
4.362039766E0,8.583509922E-2,-1.616397500E-1,-3.901004791E-2,1.871279158E-1
4.372110567E0,7.371079922E-2,-1.417818367E-1,-3.018665314E-2,1.626241224E-1
4.382181367E0,8.224266768E-2,-1.289579272E-1,-2.223300934E-2,1.545584358E-1
4.392252168E0,9.686219692E-2,-1.101894081E-1,-7.612228394E-3,1.469079197E-1
4.402322969E0,1.214079857E-1,-9.725332260E-2,-4.323101044E-2,1.614528662E-1
4.412424287E0,1.543839574E-1,-4.772552848E-2,-5.277919769E-2,1.699934589E-1
4.422464571E0,1.706550717E-1,-2.164453268E-3,2.213478088E-3,1.706831505E-1
4.432535371E0,1.823275089E-1,3.956216574E-2,3.627109528E-2,1.900633521E-1
4.442636690E0,2.045997381E-1,6.255170703E-2,-5.441665649E-3,2.140172437E-1
4.452707491E0,2.232385278E-1,9.113222361E-2,-2.319622040E-2,2.422366345E-1
4.462747774E0,2.429817915E-1,9.908336401E-2,-1.375007629E-2,2.627674421E-1
4.472849092E0,2.348824143E-1,1.438071132E-1,5.234718323E-3,2.754589564E-1
4.482919893E0,2.073910236E-1,1.500024199E-1,1.547431946E-2,2.564200016E-1
4.492929658E0,2.224557400E-1,1.739421487E-1,1.784992218E-2,2.829506089E-1
4.502939424E0,2.138900161E-1,1.646630466E-1,4.525184631E-3,2.699691375E-1
4.514078340E0,1.957567334E-1,1.655463576E-1,9.581565857E-3,2.565503880E-1
4.523203096E0,1.765021086E-1,1.715922654E-1,4.455947876E-2,2.501648397E-1
4.533273897E0,1.445846558E-1,1.803424358E-1,6.332588196E-2,2.396628552E-1
4.543314180E0,1.536598206E-1,1.847446263E-1,6.294059753E-2,2.484017637E-1
4.553415498E0,1.421657801E-1,1.699133813E-1,8.689117432E-2,2.379742472E-1
4.563486299E0,1.275885701E-1,1.607685685E-1,9.035205841E-2,2.242518011E-1
4.573526582E0,8.514744043E-2,1.548343599E-1,7.807731628E-2,1.931834178E-1
4.583597383E0,7.941818237E-2,1.508237422E-1,8.588790894E-2,1.908711130E-1
4.593698701E0,6.752258539E-2,1.359726787E-1,1.316413879E-1,2.009410956E-1
4.603738985E0,5.600875616E-2,1.377975643E-1,1.220321655E-1,1.923980221E-1
4.613809785E0,4.546868801E-2,1.366705894E-1,6.763648987E-2,1.591255679E-1
4.623911104E0,4.684412479E-2,1.153439581E-1,-1.746177673E-3,1.245056217E-1
4.633981905E0,2.849698067E-2,8.604037762E-2,-6.127834320E-2,1.094077686E-1
4.644022188E0,1.539295912E-2,7.507452369E-2,-5.517959595E-2,9.443471346E-2
4.654092989E0,-2.619934082E-2,4.248172045E-2,-2.152442932E-2,5.435442106E-2
4.664194307E0,-5.019479990E-2,5.957710743E-2,-9.227752686E-3,7.844807892E-2
4.674265108E0,-5.835998058E-2,7.206112146E-2,-2.396488190E-2,9.577582223E-2
4.684305391E0,-8.939599991E-2,6.156122684E-2,-2.894783020E-2,1.123361310E-1
4.694376192E0,-1.193975210E-1,3.288513422E-2,-1.988506317E-2,1.254297246E-1
4.704477510E0,-1.489742398E-1,1.698613167E-3,-2.731990814E-2,1.514681049E-1
4.715463838E0,-1.445837021E-1,-5.865812302E-3,-5.592441559E-2,1.551334745E-1
4.724619112E0,-1.420800090E-1,-1.089185476E-2,-7.605266571E-2,1.615220400E-1
4.734689912E0,-1.581859589E-1,-5.897223949E-3,-9.260463715E-2,1.833935486E-1
4.744730196E0,-1.488568187E-1,-1.205796003E-2,-7.100677490E-2,1.653653801E-1
4.754831514E0,-1.612558961E-1,1.263749599E-2,-7.308959961E-3,1.619153829E-1
4.764902315E0,-1.396702528E-1,8.749961853E-3,7.404327393E-3,1.401398067E-1
4.774942598E0,-1.257662177E-1,-5.421578884E-3,-4.260921478E-2,1.328987593E-1
4.785013399E0,-1.377696991E-1,-1.681971550E-2,-7.532119751E-2,1.579135067E-1
4.795084200E0,-1.250795126E-1,-1.799958944E-2,-3.173160553E-2,1.302910760E-1
4.805155000E0,-1.284327507E-1,-3.127950430E-2,-9.846687317E-3,1.325531444E-1
4.815225801E0,-1.322494745E-1,-2.792108059E-2,-2.571392059E-2,1.375889384E-1
4.825327119E0,-1.266906261E-1,-9.629428387E-3,-1.559352875E-2,1.280093699E-1
4.835397920E0,-1.137797832E-1,-1.047372818E-2,-2.376174927E-2,1.167054360E-1
4.845468721E0,-1.105623841E-1,-2.285397053E-2,-3.395843506E-2,1.178962258E-1
4.855509004E0,-1.219221354E-1,-2.498322725E-2,-1.257419586E-2,1.250890848E-1
4.865579805E0,-1.178580523E-1,-4.208666086E-2,2.890586853E-3,1.251805216E-1
4.875650606E0,-1.012000442E-1,-3.662747145E-2,-1.225090027E-2,1.083194588E-1
4.885721407E0,-1.001424789E-1,-2.847397327E-2,-2.573680878E-2,1.072458231E-1
4.895792207E0,-9.507864714E-2,-3.793844581E-2,-5.202293396E-3,1.025004325E-1
4.905863008E0,-9.943193197E-2,-5.865156651E-2,2.563667297E-2,1.182537710E-1
4.916727266E0,-8.974546194E-2,-5.786177516E-2,3.379821777E-3,1.068347142E-1
4.926004610E0,-8.386290073E-2,-7.501974702E-2,-1.005268097E-2,1.129690442E-1
4.936075410E0,-6.891334057E-2,-8.583849669E-2,1.861572266E-3,1.100943299E-1
4.946146211E0,-5.388683081E-2,-9.743237495E-2,2.957439423E-2,1.152020096E-1
4.956247530E0,-5.266582966E-2,-8.319574594E-2,2.280616760E-2,1.010709802E-1
4.966318330E0,-3.182357550E-2,-9.083616734E-2,7.575988770E-3,9.654711212E-2
4.976358614E0,-1.977390051E-2,-8.606776595E-2,3.757476807E-4,8.831086379E-2
4.986429414E0,-2.026528120E-2,-9.188669920E-2,3.160381317E-2,9.926050634E-2
4.996500215E0,-3.969371319E-3,-1.050194800E-1,4.386997223E-2,1.138833682E-1
5.006571016E0,6.576538086E-3,-1.026693285E-1,3.835105896E-2,1.097954716E-1
5.016672334E0,1.966196299E-2,-9.809648991E-2,4.633617401E-2,1.102567691E-1
5.026743135E0,2.942019701E-2,-9.308609366E-2,5.172443390E-2,1.104807037E-1
5.036783418E0,3.886789083E-2,-6.800547242E-2,1.471805573E-2,7.969992711E-2
5.046854219E0,6.881314516E-2,-4.432138801E-2,-8.915901184E-3,8.233545819E-2
5.056925020E0,9.197813272E-2,-3.880247474E-2,-3.581809998E-2,1.060591591E-1
5.067026338E0,1.276755929E-1,-1.899760962E-2,-3.288364410E-2,1.332039798E-1
5.077097139E0,1.488785148E-1,2.619588375E-2,-6.015205383E-2,1.626939030E-1
5.087137422E0,1.572205424E-1,4.268363118E-2,-1.102151871E-1,1.966915829E-1
5.097208223E0,1.606529355E-1,4.357662797E-2,-8.860492706E-2,1.885712632E-1
5.107279024E0,1.593541503E-1,6.758284569E-2,-4.572296143E-2,1.790300965E-1
5.118326387E0,1.401624680E-1,1.081350446E-1,5.647087097E-2,1.858162118E-1
5.127451143E0,1.540018320E-1,1.270982921E-1,4.649066925E-2,2.050168833E-1
5.137521944E0,1.523347497E-1,1.205458939E-1,3.957748413E-4,1.942610232E-1
5.147562227E0,1.594110727E-1,1.009072661E-1,1.889419556E-2,1.896079036E-1
5.157633028E0,1.216912866E-1,9.176161885E-2,7.843017578E-2,1.714066988E-1
5.167703828E0,9.969872236E-2,8.292081952E-2,1.244173050E-1,1.797091075E-1
5.177805147E0,1.218342185E-1,1.032997966E-1,6.182956696E-2,1.712814062E-1
5.187875948E0,1.467128992E-1,8.712708950E-2,1.175689697E-2,1.710380927E-1
5.197916231E0,1.273525357E-1,7.785078883E-2,-7.736206055E-3,1.494632482E-1
5.207987032E0,8.955085278E-2,5.559378862E-2,3.417587280E-2,1.108062040E-1
5.218057832E0,6.457334757E-2,4.158651829E-2,9.553337097E-2,1.225796912E-1
5.228128633E0,6.358617544E-2,2.109885216E-2,4.721355438E-2,8.196025248E-2
5.238199434E0,9.213221073E-2,1.114720106E-2,-5.039882660E-2,1.056060892E-1
5.248300752E0,7.459121943E-2,1.770821214E-2,-5.798244476E-2,9.612177013E-2
5.258341035E0,3.160089254E-2,2.662777901E-3,3.652191162E-2,4.836896551E-2
5.268411836E0,1.898342371E-2,-2.632796764E-3,7.465839386E-2,7.707903585E-2
5.278482637E0,2.065169811E-2,-3.263536096E-2,2.818489075E-2,4.781158318E-2
5.288553438E0,2.748590708E-2,-4.716792703E-2,-2.424716949E-2,5.973452650E-2
5.298624239E0,7.483005524E-3,-3.923833370E-2,-4.773235321E-2,6.224162391E-2
5.308695039E0,-1.590943336E-2,-5.759236217E-2,-1.605129242E-2,6.186787727E-2
5.319589815E0,-4.315370321E-2,-5.337157845E-2,2.150630951E-2,7.192557846E-2
5.328867158E0,-6.602352858E-2,-5.216777325E-2,2.773666382E-2,8.859969193E-2
5.338937959E0,-6.439799070E-2,-6.778979301E-2,-7.909774780E-3,9.383561041E-2
5.348978242E0,-4.952198267E-2,-5.221074820E-2,-8.054161072E-2,1.080062038E-1
5.359079561E0,-6.580746174E-2,-4.122203588E-2,-2.404785156E-2,8.129069706E-2
5.369150362E0,-1.179977059E-1,-4.099848866E-2,1.132955551E-1,1.686422767E-1
5.379221162E0,-8.165836334E-2,-2.343618870E-2,-2.991390228E-2,9.006766786E-2
5.389261446E0,-8.067691326E-2,-1.455715299E-2,-4.744338989E-2,9.471826794E-2
5.399362764E0,-8.493500948E-2,-2.563604712E-2,-7.189559937E-2,1.141934322E-1
5.409403047E0,-9.135216475E-2,-1.610842347E-2,-9.958934784E-2,1.360982642E-1
5.419473848E0,-1.322920918E-1,-1.729723811E-2,5.705833435E-2,1.451070141E-1
5.429544649E0,-1.492848396E-1,1.624596119E-2,1.066637039E-1,1.841929432E-1
5.439615450E0,-9.685742855E-2,2.265176177E-2,-9.246444702E-2,1.358091961E-1
5.449716768E0,-7.280158997E-2,1.843041182E-2,-1.183071136E-1,1.401296711E-1
5.459757051E0,-9.294259548E-2,1.433503628E-2,9.449005127E-3,9.451509413E-2
5.469827852E0,-9.447604418E-2,2.775186300E-2,4.848766327E-2,1.097585637E-1
5.479898653E0,-8.958631754E-2,1.756370068E-2,-1.156902313E-2,9.202192221E-2
5.489969453E0,-1.045362949E-1,2.045929432E-2,-2.044677734E-2,1.084642355E-1
5.500040254E0,-8.543133736E-2,2.729991078E-2,-5.043125153E-2,1.028936814E-1
5.510111055E0,-5.597430468E-2,3.391250968E-2,-3.659629822E-2,7.498313237E-2
5.521005830E0,-6.741315126E-2,4.087993503E-2,1.148509979E-2,7.967188694E-2
5.530252657E0,-5.879396200E-2,3.951728344E-2,-1.898765564E-2,7.334082577E-2
5.540323457E0,-5.973994732E-2,3.240323067E-2,-2.876853943E-2,7.380013228E-2
5.550394258E0,-7.626008987E-2,5.864351988E-3,2.021694183E-2,7.911205135E-2
5.560465059E0,-5.346614122E-2,-1.341784000E-2,-1.335144043E-4,5.512426429E-2
5.570535860E0,-2.564990520E-2,-4.074513912E-2,-3.368568420E-2,5.876061027E-2
5.580606660E0,-3.463327885E-2,-5.037584901E-2,-1.925849915E-2,6.409430518E-2
5.590707979E0,-3.057307005E-2,-4.059880972E-2,-2.981185913E-3,5.091034701E-2
5.600778780E0,-7.576227188E-3,-1.899355650E-2,-1.677608490E-2,2.644979076E-2
5.610819063E0,1.235300303E-2,4.207313061E-3,-2.720546722E-2,3.017342562E-2
5.620889864E0,8.474946022E-3,2.721008658E-2,4.197978973E-2,5.073969125E-2
5.630960664E0,2.149707079E-2,1.357370615E-2,6.140804291E-2,6.646290157E-2
5.641061983E0,3.871667385E-2,-4.820993543E-2,5.067348480E-2,7.994360994E-2
5.651041231E0,4.783976078E-2,-1.281860769E-1,1.890850067E-2,1.381225703E-1
5.661203584E0,4.682034254E-2,-1.372178495E-1,9.523010254E-2,1.734636997E-1
5.671274385E0,3.831231594E-2,-1.181887686E-1,1.504955292E-1,1.951546128E-1
5.681314668E0,6.076824665E-2,-1.385426521E-1,1.014938354E-1,1.821753136E-1
5.691385469E0,9.055876732E-2,-1.455034316E-1,4.430198669E-2,1.770163974E-1
5.701486787E0,9.100645781E-2,-1.904056072E-1,9.548377991E-2,2.316325168E-1
5.711557588E0,1.276183128E-2,-2.621756196E-1,2.236366272E-1,3.448365713E-1
5.722574434E0,-2.411121130E-2,-3.818808496E-1,3.440513611E-1,5.145732920E-1
5.731790742E0,-5.456310511E-2,-4.403210282E-1,3.852415085E-1,5.875974474E-1
5.741892061E0,-1.570665836E-2,-3.706698120E-1,2.335424423E-1,4.383889608E-1
5.752023897E0,3.747498989E-2,-2.755804956E-1,5.043697357E-2,2.826532730E-1
5.762155733E0,4.026734829E-2,-3.051578999E-1,-7.216644287E-2,3.161499623E-1
5.772287569E0,1.057529449E-2,-4.593175352E-1,-4.546737671E-2,4.616835684E-1
5.782388887E0,-9.913492203E-2,-6.494029760E-1,7.524394989E-2,6.612213019E-1
5.792581758E0,-7.615369558E-2,-5.994063616E-1,-2.678394318E-2,6.048179489E-1
5.802652559E0,1.364123225E-1,-3.595602512E-1,-5.744056702E-1,6.912552133E-1
5.812784395E0,3.233813643E-1,-1.039759815E-1,-1.033179283E0,1.087587212E0
5.822916231E0,3.461586237E-1,1.326604486E-1,-1.140503883E0,1.199238798E0
5.833048067E0,2.217960358E-1,2.728932798E-1,-1.002967834E0,1.062830514E0
5.843179903E0,-5.521541834E-2,2.383380532E-1,-5.552473068E-1,6.067564106E-1
5.853311739E0,-1.708304286E-1,1.736790836E-1,-2.619142532E-1,3.576961496E-1
5.863443575E0,-1.119174957E-1,1.777281463E-1,-4.198160172E-1,4.694233783E-1
5.873544893E0,-4.337471724E-2,3.615942299E-1,-6.447896957E-1,7.405305564E-1
5.883676729E0,8.536499739E-2,7.429869175E-1,-7.575235367E-1,1.064499249E0
5.893808565E0,1.791478395E-1,1.001733541E0,-5.401811600E-1,1.152110985E0
5.903940401E0,1.407701373E-1,1.073068619E0,-6.508255005E-2,1.084217797E0
5.914072237E0,2.672010660E-2,1.078378916E0,4.393148422E-1,1.164737129E0
5.925424776E0,-7.311463356E-2,9.162895083E-1,7.996053696E-1,1.218318907E0
5.934335908E0,-7.240325212E-2,7.075498104E-1,1.069769859E0,1.284630887E0
5.944467744E0,3.994315863E-2,7.638074756E-1,1.172968864E0,1.400304707E0
5.954599580E0,2.011880279E-1,1.012597084E0,9.805421829E-1,1.423830204E0
5.964731416E0,2.997978926E-1,1.148382187E0,8.743724823E-1,1.474173552E0
5.974863252E0,3.152633905E-1,1.152907729E0,8.938283920E-1,1.492486660E0
5.984964571E0,2.150588632E-1,1.115642786E0,9.820795059E-1,1.501795358E0
5.995096407E0,1.344196796E-1,8.076711297E-1,9.146213531E-1,1.227572207E0
6.005228242E0,1.420927048E-2,3.919344544E-1,1.050190926E0,1.121033229E0
6.015360078E0,6.696897745E-2,3.904340863E-1,7.750663757E-1,8.704317931E-1
6.025491914E0,1.729438901E-1,5.168676376E-1,3.314771652E-1,6.379175927E-1
6.035593233E0,2.227134705E-1,5.661767125E-1,1.011524200E-1,6.167569795E-1
6.045755586E0,1.973534822E-1,5.345747471E-1,3.239345551E-2,5.707608020E-1
6.055887422E0,9.531199932E-2,3.958190084E-1,4.578399658E-2,4.096989613E-1
6.065866670E0,9.976536036E-3,2.455075383E-1,-1.592254639E-2,2.462255270E-1
6.075937471E0,1.657655835E-2,9.498488903E-2,-3.596601486E-1,3.723604892E-1
6.084146700E0,1.657655835E-2,9.498488903E-2,-3.596601486E-1,3.723604892E-1
6.094217500E0,2.471184731E-2,-1.290744543E-2,-6.479549408E-1,6.485544563E-1
6.104318819E0,-1.372480392E-2,-7.380837202E-2,-6.691761017E-1,6.733741167E-1
6.114359102E0,-7.865476608E-2,-1.419423819E-1,-6.086816788E-1,6.299425355E-1
6.125375948E0,-1.130558252E-1,-2.077904940E-1,-6.046028137E-1,6.492326789E-1
6.134531221E0,-6.935858727E-2,-2.905598879E-1,-6.949577332E-1,7.564402904E-1
6.144571504E0,-4.853516817E-2,-3.884917498E-1,-7.481689453E-1,8.444159360E-1
6.154672823E0,-9.205281734E-2,-5.109337568E-1,-6.294927597E-1,8.159584300E-1
6.164713106E0,-1.017137766E-1,-6.096176505E-1,-5.552759171E-1,8.308493944E-1
6.174783907E0,-1.012143493E-1,-6.737712622E-1,-5.408229828E-1,8.698859448E-1
6.184854707E0,-1.285061240E-1,-6.761957407E-1,-4.435281754E-1,8.188233912E-1
6.194956026E0,-1.328957081E-1,-6.548063755E-1,-3.350067139E-1,7.474370589E-1
6.204996309E0,-1.354131699E-1,-6.723329425E-1,-3.076438904E-1,7.516735165E-1
6.215067110E0,-1.436287761E-1,-7.060462236E-1,-2.794532776E-1,7.728030988E-1
6.225137910E0,-1.938149929E-1,-7.195342779E-1,-1.810321808E-1,7.668549270E-1
6.235208711E0,-2.371068001E-1,-7.117602229E-1,-6.624221802E-3,7.502440469E-1
6.245279512E0,-2.459889054E-1,-7.042305470E-1,4.508972168E-2,7.473180634E-1
6.255380830E0,-2.777032256E-1,-7.085307240E-1,1.731967926E-1,7.804690881E-1
6.265421114E0,-3.222550154E-1,-7.063155174E-1,3.329057693E-1,8.447225322E-1
6.275491914E0,-3.618555069E-1,-7.146025300E-1,4.323167801E-1,9.102164479E-1
6.285562715E0,-4.151811004E-1,-7.011960745E-1,5.446252823E-1,9.801367145E-1
6.295633516E0,-4.239094853E-1,-7.692295909E-1,5.634937286E-1,1.043522207E0
6.305704317E0,-4.005160928E-1,-7.713631392E-1,4.764471054E-1,9.911690458E-1
6.315805635E0,-3.582404852E-1,-7.566546798E-1,3.783922195E-1,9.187182492E-1
6.326669893E0,-2.288435698E-1,-8.297868967E-1,-4.443740845E-2,8.619108751E-1
6.335916719E0,-9.449678659E-2,-8.912330866E-1,-2.749757767E-1,9.374634580E-1
6.345987520E0,-1.972235441E-1,-8.291192055E-1,-1.090154648E-1,8.591973899E-1
6.356058321E0,-2.334691286E-1,-7.835457325E-1,9.250640869E-2,8.228056785E-1
6.366129121E0,-1.603140831E-1,-8.187587261E-1,7.148647308E-2,8.373629874E-1
6.376199922E0,-1.063684821E-1,-7.318760753E-1,-4.199504852E-2,7.407566589E-1
6.386270723E0,-1.051238775E-1,-6.571378708E-1,-1.771373749E-1,6.886645485E-1
6.396341524E0,-6.691259146E-2,-6.335075498E-1,-1.318941116E-1,6.505422101E-1
6.406442842E0,-1.057613492E-1,-5.996612310E-1,1.265144348E-1,6.219203785E-1
6.416513643E0,-1.248037219E-1,-5.166008472E-1,1.031961441E-1,5.413888146E-1
6.426584444E0,-2.864682674E-2,-4.513542652E-1,-3.852653503E-2,4.539004377E-1
6.436624727E0,4.636865854E-2,-3.530002236E-1,-9.972381592E-2,3.697351077E-1
6.446726045E0,9.053379297E-2,-2.457557470E-1,-1.525239944E-1,3.030772570E-1
6.456796846E0,4.528629780E-2,-1.525144577E-1,1.919269562E-2,1.602493936E-1
6.466837129E0,2.525055408E-2,-8.956574649E-2,1.105499268E-1,1.445022482E-1
6.476907930E0,8.979636431E-2,-1.830171794E-2,4.668426514E-2,1.028482403E-1
6.486978731E0,1.325138807E-1,3.552692384E-2,-7.514953613E-3,1.373992920E-1
6.497080049E0,1.876873970E-1,1.055122316E-1,-5.008411407E-2,2.210606444E-1
6.507150850E0,2.184687853E-1,1.928414106E-1,-3.164386749E-2,2.931173044E-1
6.517191133E0,2.221753597E-1,2.541018724E-1,6.893062592E-2,3.445012093E-1
6.528207979E0,2.610555291E-1,3.185418546E-1,1.042461395E-1,4.248366275E-1
6.537363252E0,2.807034850E-1,3.895069361E-1,6.838035583E-2,4.849597641E-1
6.547403535E0,3.211137652E-1,4.436365962E-1,-2.763652802E-2,5.483532232E-1
6.557504854E0,3.821547627E-1,4.728189707E-1,-1.861763000E-2,6.082324045E-1
6.567575655E0,3.948750496E-1,4.993028045E-1,1.209354401E-2,6.366913296E-1
6.577615938E0,4.164196849E-1,5.688740611E-1,-2.649784088E-2,7.054964117E-1
6.587686739E0,4.227910042E-1,6.621603370E-1,-7.827281952E-2,7.895157879E-1
6.597788057E0,4.613560438E-1,6.938968897E-1,-1.740179062E-1,8.512488029E-1
6.607828340E0,4.731768370E-1,7.708616257E-1,-3.140230179E-1,9.574624905E-1
6.617929658E0,4.666526318E-1,7.978243232E-1,-2.526531219E-1,9.581867925E-1
6.628000459E0,3.932474256E-1,8.256140351E-1,-7.526779175E-2,9.175768704E-1
6.638040742E0,3.575714231E-1,8.287591934E-1,-4.151821136E-2,9.035612238E-1
6.648111543E0,3.485434055E-1,8.283331394E-1,-4.261970520E-3,8.986859628E-1
6.658090791E0,3.120417595E-1,7.984062433E-1,7.803821564E-2,8.607627734E-1
6.668253145E0,2.460912466E-1,7.642701864E-1,1.928920746E-1,8.257585434E-1
6.678354463E0,1.944932342E-1,7.196930647E-1,2.917633057E-1,8.005695173E-1
6.688425264E0,1.099080145E-1,6.702444553E-1,4.226360321E-1,7.999553845E-1
6.698496065E0,7.268780470E-2,6.334478259E-1,4.033412933E-1,7.544692598E-1
6.708566866E0,5.116340518E-2,5.990135074E-1,3.742761612E-1,7.081790175E-1
6.718637666E0,3.152176738E-2,5.634259582E-1,3.618001938E-1,6.703296296E-1
6.729623994E0,8.493304253E-3,4.734755754E-1,2.346000671E-1,5.284774813E-1
6.738779268E0,-1.898911595E-2,4.067754745E-1,1.104898453E-1,4.219417959E-1
6.748819551E0,-8.489412069E-2,3.677574992E-1,1.999540329E-1,4.271231734E-1
6.758920869E0,-1.381886899E-1,3.288896084E-1,2.378492355E-1,4.287618772E-1
6.768991670E0,-1.399544775E-1,2.890015244E-1,1.240291595E-1,3.442272060E-1
6.779031953E0,-1.485939622E-1,2.296010852E-1,-1.781272888E-2,2.740695482E-1
6.789102754E0,-1.737311482E-1,1.594660282E-1,-4.846000671E-2,2.407494512E-1
6.799173555E0,-2.373691201E-1,1.153870821E-1,-2.716827393E-2,2.653231860E-1
6.809244356E0,-2.809496224E-1,5.482649803E-2,-1.353359222E-2,2.865690027E-1
6.819345674E0,-2.669531107E-1,1.829183102E-2,-1.207141876E-1,2.935480701E-1
6.829385957E0,-2.320206165E-1,-2.687811852E-2,-3.029851913E-1,3.825650610E-1
6.839456758E0,-2.514858842E-1,-5.722302198E-2,-3.368711472E-1,4.242661829E-1
6.849527559E0,-2.691370845E-1,-9.350377321E-2,-3.001832962E-1,4.138692271E-1
6.859598360E0,-2.607411146E-1,-1.603912711E-1,-2.843799591E-1,4.178316046E-1
6.869669160E0,-2.526249886E-1,-2.134850621E-1,-3.339309692E-1,4.700054774E-1
6.879739961E0,-2.615650892E-1,-2.364591956E-1,-2.898187637E-1,4.564254188E-1
6.889810762E0,-2.522709966E-1,-2.702316642E-1,-2.188272476E-1,4.295941950E-1
6.899912080E0,-2.369146347E-1,-3.092504740E-1,-2.306194305E-1,4.527137302E-1
6.909952364E0,-2.238106728E-1,-3.516002297E-1,-2.535972595E-1,4.878785800E-1
6.920001869E0,-2.209818959E-1,-3.740121126E-1,-1.184396744E-1,4.502732672E-1
6.930896645E0,-2.211384177E-1,-3.754397035E-1,-5.025863647E-4,4.357263170E-1
6.940173988E0,-2.450079918E-1,-3.461393714E-1,1.030893326E-1,4.364273032E-1
6.950214272E0,-1.870887876E-1,-3.536881208E-1,4.236316681E-2,4.023582224E-1
6.960315590E0,-1.484463811E-1,-3.378569484E-1,-1.054191589E-2,3.691812260E-1
6.970386391E0,-1.458139420E-1,-3.520538211E-1,1.873493195E-2,3.815161809E-1
6.980426674E0,-1.368972063E-1,-3.588301539E-1,5.398273468E-2,3.878325155E-1
6.990497475E0,-1.201798320E-1,-3.584480286E-1,6.144618988E-2,3.830193408E-1
7.000568276E0,-9.072983265E-2,-3.603796661E-1,3.799533844E-2,3.735626480E-1
7.010639076E0,-7.612663507E-2,-3.564648628E-1,1.069450378E-2,3.646598900E-1
7.020709877E0,-5.565285683E-2,-3.584773540E-1,3.868770599E-2,3.648287166E-1
7.030780678E0,-4.974144697E-2,-3.494191468E-1,1.045112610E-1,3.680904174E-1
7.040881996E0,-5.213969946E-2,-3.505012393E-1,6.978702545E-2,3.611646383E-1
7.050952797E0,-3.535652161E-2,-3.567540646E-1,2.648353577E-3,3.585115897E-1
7.060993080E0,-1.045972109E-2,-3.726368248E-1,1.645469666E-2,3.731465745E-1
7.071094399E0,3.025531769E-4,-3.654223979E-1,4.368114471E-2,3.680239976E-1
7.081165199E0,-2.598583698E-3,-3.619147539E-1,4.569149017E-2,3.647968668E-1
7.091205483E0,1.948052645E-2,-3.487004042E-1,1.986026764E-2,3.498083661E-1
7.101276283E0,4.080891609E-2,-3.127687871E-1,9.374618530E-3,3.155591313E-1
7.111377602E0,4.176437855E-2,-3.087152243E-1,3.682231903E-2,3.136960889E-1
7.121417885E0,4.442852736E-2,-2.798985243E-1,4.832458496E-2,2.874932059E-1
7.132495766E0,5.278593302E-2,-2.607449591E-1,3.283405304E-2,2.680529117E-1
7.141590004E0,6.548154354E-2,-2.329519987E-1,1.091194153E-2,2.422262098E-1
7.151660805E0,8.586657047E-2,-2.095665038E-1,-1.837730408E-2,2.272199655E-1
7.161701088E0,9.400796890E-2,-1.522386372E-1,-2.124595642E-2,1.801818291E-1
7.171771889E0,1.001227498E-1,-1.338593662E-1,-2.227783203E-2,1.686392503E-1
7.181873207E0,9.795057774E-2,-8.774292469E-2,-5.900382996E-3,1.316356754E-1
7.191944008E0,1.010428667E-1,-4.720523953E-2,6.435394287E-3,1.117112790E-1
7.201984291E0,1.318066716E-1,-4.552543163E-3,1.142787933E-2,1.323794575E-1
7.212085610E0,1.667665243E-1,4.825729132E-2,-3.407382965E-2,1.769205066E-1
7.222156410E0,2.161667347E-1,9.525048733E-2,-7.229137421E-2,2.470359393E-1
7.232196694E0,2.344199419E-1,1.510908604E-1,-4.383277893E-2,2.823162584E-1
7.242267494E0,2.242901921E-1,1.894494891E-1,-2.457618713E-3,2.936038813E-1
7.252368813E0,2.544267774E-1,1.987549365E-1,-2.031230927E-2,3.234951309E-1
7.262409096E0,2.661978602E-1,2.199043334E-1,-3.872203827E-2,3.474458416E-1
7.272479897E0,2.787418365E-1,2.380329669E-1,-1.545333862E-2,3.668726079E-1
7.282550697E0,2.694504261E-1,2.775350511E-1,9.369850159E-3,3.869328505E-1
7.292621498E0,2.517809272E-1,2.850695550E-1,5.013656616E-2,3.836299803E-1
7.302692299E0,2.248767614E-1,3.085485995E-1,5.135631561E-2,3.852392338E-1
7.312793617E0,2.029109597E-1,3.156245947E-1,-1.273155212E-3,3.752244172E-1
7.322833901E0,1.782110929E-1,3.305625618E-1,-1.685142517E-2,3.759185702E-1
7.333728676E0,1.688044071E-1,3.455778360E-1,1.380062103E-2,3.848498743E-1
7.342975502E0,1.354030371E-1,3.624083996E-1,5.499458313E-2,3.907662149E-1
7.353076821E0,1.100623608E-1,3.676890731E-1,9.366512299E-2,3.950723136E-1
7.363147621E0,7.976955175E-2,3.612148464E-1,8.996772766E-2,3.807013773E-1
7.373187905E0,6.612169743E-2,3.549564183E-1,4.993152618E-2,3.644986901E-1
7.383258705E0,4.772198200E-2,3.350267112E-1,5.463886261E-2,3.427910298E-1
7.393329506E0,2.356350422E-2,3.394795656E-1,9.910392761E-2,3.544336365E-1
7.403430824E0,1.293969154E-2,3.050205708E-1,1.478681564E-1,3.392196573E-1
7.413501625E0,-3.687322140E-3,3.023757935E-1,1.036005020E-1,3.196525940E-1
7.423541908E0,-9.936481714E-3,2.859392762E-1,8.510208130E-2,2.985001970E-1
7.433948403E0,-2.811670303E-2,2.625133395E-1,1.007766724E-1,2.825946569E-1
7.443683510E0,-6.073611975E-2,2.236725688E-1,7.543945312E-2,2.437404467E-1
7.453754311E0,-7.201623917E-2,1.809344292E-1,-5.191802979E-3,1.948090377E-1
7.463825112E0,-9.449923038E-2,1.581175923E-1,3.142929077E-2,1.868664707E-1
7.473895912E0,-1.121764779E-1,1.366513371E-1,4.716777802E-2,1.829807351E-1
7.483966713E0,-1.281139851E-1,9.563386440E-2,1.203918457E-2,1.603245806E-1
7.494068031E0,-1.539338231E-1,7.219409943E-2,-3.060626984E-2,1.727551841E-1
7.504138832E0,-1.893066168E-1,3.450524807E-2,-3.999996185E-2,1.965390655E-1
7.514484291E0,-2.205945849E-1,1.599413157E-2,-5.109786987E-3,2.212326673E-1
7.524341469E0,-2.022525668E-1,-2.475202084E-3,-1.246166229E-2,2.026512286E-1
7.535541420E0,-1.752588153E-1,-1.165580750E-2,-8.899784088E-2,1.969063886E-1
7.544727211E0,-1.566874385E-1,-1.415830851E-2,-1.485128403E-1,2.163503520E-1
7.554859047E0,-1.711412668E-1,-3.451359272E-2,-1.429872513E-1,2.256676213E-1
7.565021401E0,-1.752749085E-1,-4.262626171E-2,-1.075553894E-1,2.100153650E-1
7.575122719E0,-1.653761268E-1,-6.086736917E-2,-7.215404510E-2,1.904213910E-1
7.585956459E0,-1.482994556E-1,-7.273310423E-2,-1.102533340E-1,1.985916178E-1
7.595386391E0,-1.508787274E-1,-8.361333609E-2,-1.586465836E-1,2.343593797E-1
7.605487709E0,-1.417931318E-1,-9.644663334E-2,-1.001253128E-1,1.985757376E-1
7.615650063E0,-1.306946278E-1,-1.244726181E-1,-7.885169983E-2,1.969571246E-1
7.625781899E0,-1.165145040E-1,-1.371092200E-1,-6.117820740E-2,1.900456285E-1
7.635913735E0,-1.056833863E-1,-1.371704340E-1,-1.922512054E-2,1.742248873E-1
7.646015053E0,-9.926956892E-2,-1.308575869E-1,-1.626873016E-2,1.650540122E-1
7.656116371E0,-7.165229321E-2,-1.282361746E-1,-1.167011261E-2,1.473592858E-1
7.666278725E0,-6.174129248E-2,-1.285932064E-1,2.748203278E-2,1.452703069E-1
7.676410561E0,-6.431478262E-2,-1.595891714E-1,4.624271393E-2,1.781670101E-1
7.686542397E0,-5.638891459E-2,-1.635326147E-1,9.404182434E-3,1.732370180E-1
7.696674233E0,-5.797559023E-2,-1.725514531E-1,2.934265137E-2,1.843804876E-1
7.706806069E0,-5.083626509E-2,-1.656344831E-1,6.134605408E-2,1.838000168E-1
7.716937905E0,-5.262273550E-2,-1.688011885E-1,2.978610992E-2,1.793047848E-1
7.727039223E0,-3.928977251E-2,-1.990468800E-1,-3.023147583E-3,2.029100443E-1
7.738147621E0,-4.492741823E-2,-1.929872334E-1,-1.507663727E-2,1.987205328E-1
7.747333412E0,-4.168933630E-2,-1.958174407E-1,3.923416138E-2,2.040141914E-1
7.757434731E0,-3.972440958E-2,-2.089521587E-1,6.049442291E-2,2.211302977E-1
7.767566567E0,-3.261822462E-2,-2.170322537E-1,1.508331299E-2,2.199873953E-1
7.777698403E0,-4.331648350E-3,-1.762412190E-1,-2.779960632E-3,1.763163596E-1
7.787891274E0,2.184808254E-3,-1.906184852E-1,2.040863037E-4,1.906311148E-1
7.797931557E0,1.656717062E-2,-1.767419577E-1,2.334022522E-2,1.790445667E-1
7.808093910E0,1.775544882E-2,-1.864709854E-1,3.934764862E-2,1.914025126E-1
7.818225746E0,3.163349628E-2,-1.738979518E-1,4.035186768E-2,1.812993353E-1
7.828266030E0,3.289484978E-2,-1.733081639E-1,1.990509033E-2,1.775218393E-1
7.838306313E0,4.567825794E-2,-1.490050256E-1,7.677078247E-3,1.560382595E-1
7.848438149E0,7.482123375E-2,-1.313087940E-1,-1.629734039E-2,1.520059858E-1
7.856586342E0,7.482123375E-2,-1.313087940E-1,-1.629734039E-2,1.520059858E-1
7.866687660E0,9.200388193E-2,-1.171082258E-1,-2.386665344E-2,1.508266157E-1
7.876727944E0,9.008759260E-2,-9.988522530E-2,-8.601188660E-3,1.347843204E-1
7.886798744E0,1.021298170E-1,-7.109692693E-2,-6.573677063E-3,1.246133451E-1
7.896900063E0,1.363384128E-1,-3.459516168E-2,-5.380535126E-2,1.505988175E-1
7.906940346E0,1.699819565E-1,3.005653620E-3,-7.398986816E-2,1.854114346E-1
7.917041664E0,1.660416722E-1,3.125527501E-2,-4.985809326E-3,1.690313208E-1
7.927112465E0,1.518338323E-1,7.592418790E-2,3.915023804E-2,1.742146264E-1
7.938129311E0,1.508290172E-1,1.144725978E-1,4.362773895E-2,1.943109561E-1
7.947223549E0,1.897715926E-1,1.164536476E-1,-2.321434021E-2,2.238607045E-1
7.957324867E0,1.903784275E-1,1.299180388E-1,-3.226375580E-2,2.327307294E-1
7.967395668E0,1.794157028E-1,1.458394229E-1,2.377128601E-2,2.324310774E-1
7.977435951E0,1.526079774E-1,1.595043242E-1,2.066326141E-2,2.217155713E-1
7.987506752E0,1.509873271E-1,1.628606021E-1,-6.059646606E-3,2.221654068E-1
7.997608071E0,1.413228512E-1,1.643792391E-1,-1.280498505E-2,2.171558200E-1
8.007678871E0,1.244579554E-1,1.820429265E-1,-1.641941071E-2,2.211311982E-1
8.017719155E0,1.122115254E-1,1.991178393E-1,-1.992225647E-3,2.285679535E-1
8.027820473E0,8.879441023E-2,1.884242892E-1,4.552555084E-2,2.132152336E-1
8.037891274E0,7.831203938E-2,1.566846967E-1,2.722263336E-2,1.772679933E-1
8.047931557E0,7.166010141E-2,1.740296185E-1,5.987167358E-2,1.974996090E-1
8.058002358E0,4.034638405E-2,1.554992497E-1,7.349681854E-2,1.766624739E-1
8.068103676E0,4.652410746E-2,1.439586282E-1,5.485153198E-2,1.609262867E-1
8.078174477E0,2.472132444E-2,1.356789768E-1,9.121131897E-2,1.653464040E-1
8.088245278E0,2.736353874E-2,1.271148026E-1,9.395313263E-2,1.604186006E-1
8.098285561E0,2.702665329E-2,1.552689970E-1,6.536293030E-2,1.706200869E-1
8.108264809E0,1.339638233E-2,1.483675838E-1,4.467296600E-2,1.555251647E-1
8.118457680E0,-6.136894226E-3,1.254857779E-1,1.483440399E-2,1.265085035E-1
8.128528481E0,-1.866173744E-2,8.658105135E-2,-7.013416290E-2,1.129749517E-1
8.139514809E0,-3.250956535E-2,6.055200100E-2,-6.143951416E-2,9.218584796E-2
8.148670082E0,-6.266677380E-2,4.348844290E-2,-8.474349976E-3,7.674753293E-2
8.158740883E0,-6.810045242E-2,5.534344912E-2,-2.381229401E-2,9.092631262E-2
8.168781166E0,-8.608239889E-2,4.425030947E-2,-2.301883698E-2,9.948937703E-2
8.178882485E0,-9.536713362E-2,4.335057735E-2,-2.456760406E-2,1.075998601E-1
8.188953285E0,-1.066433787E-1,7.773697376E-3,-1.854228973E-2,1.085221503E-1
8.198993569E0,-1.169832349E-1,-1.505315304E-2,-3.875160217E-2,1.241505591E-1
8.209064369E0,-1.368020773E-1,-3.133708239E-2,2.469062805E-3,1.403670807E-1
8.219165688E0,-1.270352006E-1,-3.260827065E-2,-9.192466736E-3,1.314752560E-1
8.229236488E0,-1.175938845E-1,-1.473563910E-2,-6.442070007E-2,1.348906495E-1
8.239276772E0,-1.090425253E-1,-3.623694181E-2,-7.038593292E-2,1.347500198E-1
8.249347572E0,-7.937371731E-2,-2.634119987E-2,-4.199123383E-2,9.358049759E-2
8.259418373E0,-9.640467167E-2,-2.894419432E-2,-9.350776672E-3,1.010893868E-1
8.269519692E0,-1.099621058E-1,-3.202092648E-2,3.146457672E-2,1.187729937E-1
8.279559975E0,-9.993940592E-2,-3.443461657E-2,1.941204071E-2,1.074730431E-1
8.289661293E0,-8.561921120E-2,-3.443729877E-2,-3.908538818E-2,1.002209781E-1
8.299732094E0,-7.118636370E-2,-3.386461735E-2,-5.225276947E-2,9.457622641E-2
8.309802895E0,-7.807660103E-2,-2.291220427E-2,-3.059387207E-3,8.142655944E-2
8.319843178E0,-7.836508751E-2,-2.329897881E-2,-1.222038269E-2,8.266357787E-2
8.329913979E0,-6.070774794E-2,-4.160904884E-2,-2.685832977E-2,7.834611339E-2
8.340808754E0,-5.751889944E-2,-2.691742778E-2,-8.602142334E-3,6.408563461E-2
8.350086098E0,-5.965787172E-2,-3.528326750E-2,-2.799224854E-2,7.474982677E-2
8.360156899E0,-3.221046925E-2,-3.005087376E-2,-2.011203766E-2,4.842585468E-2
8.370227699E0,-5.659556389E-2,-2.847391367E-2,2.337837219E-2,6.753051087E-2
8.380298500E0,-6.397217512E-2,-4.835200310E-2,1.622676849E-2,8.181481167E-2
8.390369301E0,-5.026090145E-2,-6.236070395E-2,-2.250671387E-3,8.012540878E-2
8.400440102E0,-4.975080490E-2,-8.169925213E-2,3.030776978E-3,9.570316607E-2
8.410510903E0,-5.676555634E-2,-8.764904737E-2,-5.167961121E-3,1.045532960E-1
8.420551186E0,-5.024182796E-2,-9.571629763E-2,-9.393692017E-4,1.081051956E-1
8.430621987E0,-6.535279751E-2,-9.484153986E-2,2.455043793E-2,1.177651469E-1
8.440692787E0,-5.565178394E-2,-1.015185118E-1,3.761196136E-2,1.217283407E-1
8.450763588E0,-2.833795547E-2,-1.045066416E-1,1.147460938E-2,1.088868428E-1
8.460834389E0,-1.581448317E-2,-9.754204750E-2,-1.088523865E-2,9.941346654E-2
8.470905190E0,-1.356154680E-2,-9.314012527E-2,2.650070190E-2,9.778182699E-2
8.481006508E0,-1.542526484E-2,-9.292647243E-2,3.545570374E-2,1.006497640E-1
8.491077309E0,1.286345720E-2,-9.388521314E-2,1.807785034E-2,9.647129340E-2
8.501148110E0,1.938199997E-2,-8.438363671E-2,1.226806641E-2,8.744578618E-2
8.511188393E0,2.220219374E-2,-7.347300649E-2,-3.186225891E-3,7.682038873E-2
8.521259194E0,3.939831257E-2,-5.886977911E-2,-1.354217529E-3,7.084992471E-2
8.531329994E0,5.776172876E-2,-4.302754998E-2,-2.459526062E-3,7.206827760E-2
8.542255287E0,8.129513264E-2,-1.902556419E-2,-2.494525909E-2,8.713860588E-2
8.551471596E0,8.784842491E-2,1.112368703E-2,-4.320049286E-2,9.852595981E-2
8.561542397E0,1.219430566E-1,3.158012033E-2,-9.905052185E-2,1.602448718E-1
8.571613197E0,1.340886950E-1,5.541098118E-2,-6.680870056E-2,1.597296386E-1
8.581683998E0,1.018444896E-1,7.728222013E-2,3.262138367E-2,1.319431555E-1
8.591785317E0,9.613388777E-2,1.088380218E-1,6.160926819E-2,1.577439104E-1
8.601856117E0,1.201139688E-1,1.034843326E-1,1.732635498E-2,1.594884798E-1
8.611896401E0,1.323205829E-1,1.179710627E-1,-2.953720093E-2,1.797174296E-1
8.621967201E0,1.169062853E-1,1.047755778E-1,1.136112213E-2,1.573978282E-1
8.632068520E0,8.929115534E-2,1.001178026E-1,6.653118134E-2,1.497427224E-1
8.642139321E0,8.573955297E-2,1.129909754E-1,7.878303528E-2,1.622498016E-1
8.652179604E0,1.008177400E-1,9.823572636E-2,1.829242706E-2,1.419474815E-1
8.662250405E0,1.119270325E-1,9.553647041E-2,-1.066684723E-2,1.475420598E-1
8.672321205E0,1.093466282E-1,8.655509353E-2,-3.363609314E-3,1.394983268E-1
8.682422524E0,5.884045362E-2,7.905313373E-2,4.881668091E-2,1.099757486E-1
8.692493324E0,5.108231306E-2,5.905708671E-2,4.140758514E-2,8.838399349E-2
8.702564125E0,5.921792984E-2,4.378387332E-2,1.225280762E-2,7.465870393E-2
8.712604408E0,6.593185663E-2,2.438822389E-2,-1.072311401E-2,7.111104244E-2
8.722705727E0,5.736207962E-2,3.919571638E-2,-1.903915405E-2,7.203611419E-2
8.732776528E0,2.363389730E-2,2.110350132E-2,4.738807678E-3,3.203709050E-2
8.743762856E0,2.284610271E-2,1.056170464E-2,5.722427368E-2,6.251489033E-2
8.752887612E0,1.282143593E-2,-5.986034870E-3,4.086208344E-2,4.324270685E-2
8.762988930E0,1.355934143E-2,-3.587684035E-2,-1.778984070E-2,4.227862162E-2
8.773029213E0,1.483315229E-2,-3.640672565E-2,-2.876091003E-2,4.870997870E-2
8.783100014E0,-1.284581423E-2,-2.941110730E-2,-2.085494995E-2,3.827475818E-2
8.793201332E0,-2.283126116E-2,-4.000961781E-2,2.149486542E-2,5.083370184E-2
8.803272133E0,-3.828066587E-2,-3.287914395E-2,3.928947449E-2,6.395397011E-2
8.813342934E0,-3.526413441E-2,-3.178316355E-2,-5.990028381E-3,4.784985998E-2
8.823383217E0,-2.888184786E-2,-3.709578514E-2,-3.182411194E-2,5.677175805E-2
8.833454018E0,-4.064851999E-2,-4.338183999E-2,-2.903747559E-2,6.616238514E-2
8.843524819E0,-6.128609180E-2,-4.425156116E-2,1.764106750E-2,7.762340483E-2
8.853595619E0,-7.138258219E-2,-4.335176945E-2,1.532745361E-2,8.491042214E-2
8.863666420E0,-6.264585257E-2,-1.818844676E-2,-2.568721771E-2,7.010817066E-2
8.873767738E0,-7.212179899E-2,-1.237535477E-2,-3.292846680E-2,8.024330016E-2
8.883808022E0,-7.203352451E-2,-4.725998640E-2,-3.877830505E-2,9.447799697E-2
8.893878822E0,-7.542920113E-2,-3.816208243E-2,-4.625320435E-4,8.453474347E-2
8.903949623E0,-8.968585730E-2,-3.225845098E-2,1.459789276E-2,9.642229582E-2
8.914020424E0,-6.933540106E-2,-2.481108904E-2,-2.002048492E-2,7.631387682E-2
8.924121742E0,-6.470847130E-2,-4.897356033E-3,-3.439807892E-2,7.344656688E-2
8.934162026E0,-5.504369736E-2,-1.977926493E-2,-3.036022186E-2,6.589970418E-2
8.945056801E0,-7.055509090E-2,-1.043212414E-2,-5.629539490E-3,7.154398494E-2
8.954303627E0,-7.515060902E-2,-8.358627558E-3,-4.852294922E-3,7.576955494E-2
8.964374428E0,-6.743878126E-2,-8.655250072E-3,-5.280494690E-3,6.819667291E-2
8.974475746E0,-7.328867912E-2,1.014471054E-2,-8.570671082E-3,7.448222635E-2
8.984516030E0,-7.201099396E-2,6.340265274E-3,-1.060104370E-2,7.306274250E-2
8.994586830E0,-3.952032328E-2,7.294178009E-3,-2.355194092E-2,4.658062801E-2
9.004657631E0,-4.051876068E-2,1.109257340E-2,-1.524448395E-2,4.469014928E-2
9.014728432E0,-4.841649532E-2,2.634325624E-2,-2.168369293E-2,5.923096072E-2
9.024829750E0,-5.780625343E-2,2.314937115E-2,1.606941223E-3,6.228995570E-2
9.034900551E0,-4.604101181E-2,2.180245519E-2,3.293991089E-3,5.104872376E-2
9.044940834E0,-3.120166063E-2,-2.642542124E-3,-2.575588226E-2,4.054493959E-2
9.055011635E0,-2.321428061E-2,2.753588557E-2,5.617141724E-4,3.602004083E-2
9.065082436E0,-2.069997787E-2,3.818213940E-2,4.599571228E-3,4.367517497E-2
9.075183754E0,-5.554795265E-3,3.690940142E-2,-6.542205811E-3,3.789406445E-2
9.085254555E0,4.468739033E-3,2.641597390E-2,-9.229660034E-3,2.833654760E-2
9.095294838E0,1.589864492E-2,3.016698360E-2,-4.290580750E-3,3.436892337E-2
9.105365639E0,2.520704269E-2,2.511987090E-2,-1.687717438E-2,3.938580874E-2
9.115436440E0,2.668255568E-2,3.353089094E-2,1.621246338E-3,4.288248902E-2
9.125537758E0,4.662036896E-2,2.952215075E-2,1.429653168E-2,5.700357011E-2
9.135578041E0,6.589359045E-2,5.805316567E-2,1.787662506E-2,8.961980267E-2
9.146930580E0,6.138134003E-2,3.065928817E-2,-8.010864258E-5,6.861244254E-2
9.155719643E0,7.148945332E-2,2.326524258E-2,-1.817703247E-3,7.520184501E-2
9.165790444E0,6.447494030E-2,2.769654989E-2,5.189895630E-3,7.036371095E-2
9.175891762E0,7.042360306E-2,2.736333013E-2,2.990055084E-2,8.125440692E-2
9.185932045E0,6.981664896E-2,2.239492536E-2,3.526115417E-2,8.135874967E-2
9.196033363E0,7.038044930E-2,7.768511772E-3,8.626937866E-3,7.133149007E-2
9.206104164E0,6.803441048E-2,1.271638274E-2,1.124477386E-2,7.012012791E-2
9.216144447E0,5.418771505E-2,4.769921303E-3,3.342342377E-2,6.384501444E-2
9.226245766E0,5.701303482E-2,1.791557670E-2,2.537631989E-2,6.492620148E-2
9.236316567E0,4.875528812E-2,1.905891299E-2,2.104949951E-2,5.642164225E-2
9.246387367E0,4.944586754E-2,-8.775681257E-3,1.514148712E-2,5.245160656E-2
9.256549721E0,4.142558575E-2,-2.295306325E-2,2.215957642E-2,5.228737031E-2
9.266620522E0,2.268379927E-2,-1.698115468E-2,-1.039505005E-2,3.018230324E-2
9.276752358E0,1.151406765E-2,-9.467780590E-3,6.147384644E-3,1.612460732E-2
9.286914711E0,1.461130381E-2,-3.114467859E-2,4.181480408E-2,5.414756729E-2
9.297717934E0,6.601691246E-3,-4.919323325E-2,3.868007660E-2,6.292618573E-2
9.307178383E0,2.142679691E-2,-5.276027322E-2,-2.914714813E-2,6.397116773E-2
9.317310219E0,1.491576433E-2,-3.827220201E-2,-3.627300262E-2,5.479938131E-2
9.327411537E0,-3.659725189E-5,-4.972586036E-2,8.331298828E-3,5.041897528E-2
9.337543373E0,-5.832195282E-3,-6.832030416E-2,2.830600739E-2,7.418159149E-2
9.348621254E0,-1.488614082E-2,-5.677986145E-2,-5.619049072E-3,5.896713973E-2
9.357654457E0,6.552338600E-4,-4.100731015E-2,-7.157325745E-3,4.163239279E-2
9.367786293E0,-3.422915936E-3,-4.831349850E-2,-1.792240143E-2,5.164419584E-2
9.377918129E0,7.475018501E-4,-5.307510495E-2,-1.616001129E-2,5.548577736E-2
9.388324623E0,-3.225874901E-2,-4.146757722E-2,2.197647095E-2,5.694867973E-2
9.398181801E0,-2.251034975E-2,-3.487852216E-2,2.183437347E-2,4.690380602E-2
9.408313637E0,-1.077115536E-2,-4.238900542E-2,-2.981090546E-2,5.292953479E-2
9.418445473E0,-1.676940918E-2,-2.652087808E-2,-3.633975983E-2,4.801195895E-2
9.428546791E0,-8.112609386E-3,-1.405796409E-2,1.173305511E-2,2.002761513E-2
9.438953285E0,-2.924466133E-2,-2.847313881E-4,8.450508118E-3,3.044244366E-2
9.448810463E0,-3.976345062E-3,1.465290785E-3,-5.711555481E-3,7.111980255E-3
9.458942299E0,-1.425743103E-2,1.008954644E-2,-8.426666260E-3,1.939283350E-2
9.469348793E0,-1.146638393E-2,1.496005058E-2,-2.260112762E-2,2.942944179E-2
9.479480629E0,-3.076088428E-2,2.372449636E-2,-5.652427673E-3,3.925600169E-2
9.489337807E0,-2.857023478E-2,2.697521448E-2,1.189708710E-2,4.105436874E-2
9.499469643E0,-4.266303778E-2,2.839180827E-2,8.609771729E-3,5.196496645E-2
9.509601479E0,-3.660941124E-2,3.728377819E-2,8.001327515E-4,5.225867698E-2
9.520007973E0,-1.687765121E-2,3.025892377E-2,1.983642578E-4,3.464818793E-2
9.529865151E0,-5.326211452E-3,3.560760617E-2,-7.329368591E-2,8.165925876E-2
9.539996987E0,4.114449024E-3,4.251852632E-2,-1.068496704E-2,4.403319534E-2
9.550891762E0,-7.124853134E-2,6.309372187E-2,3.075027466E-2,1.000137508E-1
9.560260658E0,-4.456532001E-2,4.362964630E-2,2.451801300E-2,6.701303415E-2
9.570361977E0,-2.571886778E-2,5.086317658E-2,-1.168251038E-3,5.700778633E-2
9.580402260E0,-3.644043207E-2,5.378454924E-2,5.803108215E-3,6.522544665E-2
9.590503578E0,-4.621464014E-2,3.927707672E-2,1.313209534E-2,6.205589132E-2
9.600849037E0,-4.873043299E-2,3.506204486E-2,2.542400360E-2,6.519495416E-2
9.608905678E0,-4.873043299E-2,3.506204486E-2,2.542400360E-2,6.519495416E-2
9.618976479E0,7.292509079E-3,5.820158124E-2,-3.212261200E-2,6.687650521E-2
9.629047280E0,-1.088678837E-2,3.890058398E-2,-2.584552765E-2,4.795590573E-2
9.639118080E0,1.608538628E-2,3.065657616E-2,-2.324390411E-2,4.169945313E-2
9.649188881E0,1.728969812E-2,1.286375523E-2,-9.164810181E-3,2.341801882E-2
